Level,Theme,Set,SetTitle,Vietnamese,Japanese,Source
"A1","食べ物","1","主食と料理","cơm","ご飯","legacy-match"
"A1","食べ物","1","主食と料理","gạo","米（炊く前）","draft"
"A1","食べ物","1","主食と料理","bánh mì","パン","draft"
"A1","食べ物","1","主食と料理","phở","フォー","legacy-match"
"A1","食べ物","1","主食と料理","bún","米の細麺","draft"
"A1","食べ物","1","主食と料理","mì","麺","draft"
"A1","食べ物","1","主食と料理","cháo","おかゆ","draft"
"A1","食べ物","1","主食と料理","xôi","おこわ","draft"
"A1","食べ物","1","主食と料理","thịt","肉","legacy-match"
"A1","食べ物","1","主食と料理","cá","魚","draft"
"A1","食べ物","1","主食と料理","trứng","卵","draft"
"A1","食べ物","1","主食と料理","rau","野菜","legacy-match"
"A1","食べ物","1","主食と料理","canh","汁物","draft"
"A1","食べ物","1","主食と料理","súp","スープ","draft"
"A1","食べ物","1","主食と料理","đậu phụ","豆腐","draft"
"A1","食べ物","1","主食と料理","thịt bò","牛肉","draft"
"A1","食べ物","1","主食と料理","thịt lợn","豚肉","draft"
"A1","食べ物","1","主食と料理","thịt gà","鶏肉","draft"
"A1","食べ物","1","主食と料理","tôm","エビ","draft"
"A1","食べ物","1","主食と料理","cua","カニ","draft"
"A1","食べ物","2","果物と飲み物","nước","水","legacy-match"
"A1","食べ物","2","果物と飲み物","trà","お茶","draft"
"A1","食べ物","2","果物と飲み物","cà phê","コーヒー","legacy-match"
"A1","食べ物","2","果物と飲み物","sữa","牛乳","draft"
"A1","食べ物","2","果物と飲み物","nước cam","オレンジジュース","draft"
"A1","食べ物","2","果物と飲み物","bia","ビール","draft"
"A1","食べ物","2","果物と飲み物","rượu","酒","draft"
"A1","食べ物","2","果物と飲み物","đá","氷","draft"
"A1","食べ物","2","果物と飲み物","đường","砂糖","legacy-match"
"A1","食べ物","2","果物と飲み物","muối","塩","draft"
"A1","食べ物","2","果物と飲み物","táo","りんご","draft"
"A1","食べ物","2","果物と飲み物","cam","オレンジ","draft"
"A1","食べ物","2","果物と飲み物","chuối","バナナ","draft"
"A1","食べ物","2","果物と飲み物","xoài","マンゴー","draft"
"A1","食べ物","2","果物と飲み物","dứa","パイナップル","draft"
"A1","食べ物","2","果物と飲み物","dưa hấu","スイカ","draft"
"A1","食べ物","2","果物と飲み物","nho","ぶどう","draft"
"A1","食べ物","2","果物と飲み物","chanh","ライム","draft"
"A1","食べ物","2","果物と飲み物","dừa","ココナッツ","draft"
"A1","食べ物","2","果物と飲み物","đu đủ","パパイヤ","draft"
"A1","人・家族","1","家族と呼び方","bố","父","legacy-match"
"A1","人・家族","1","家族と呼び方","mẹ","母","legacy-match"
"A1","人・家族","1","家族と呼び方","ông","祖父","draft"
"A1","人・家族","1","家族と呼び方","bà","祖母","draft"
"A1","人・家族","1","家族と呼び方","anh trai","兄","legacy-match"
"A1","人・家族","1","家族と呼び方","chị gái","姉","legacy-match"
"A1","人・家族","1","家族と呼び方","em trai","弟","draft"
"A1","人・家族","1","家族と呼び方","em gái","妹","legacy-match"
"A1","人・家族","1","家族と呼び方","con trai","息子","draft"
"A1","人・家族","1","家族と呼び方","con gái","娘","draft"
"A1","人・家族","1","家族と呼び方","vợ","妻","draft"
"A1","人・家族","1","家族と呼び方","chồng","夫","legacy-match"
"A1","人・家族","1","家族と呼び方","gia đình","家族","legacy-match"
"A1","人・家族","1","家族と呼び方","bố mẹ","両親","draft"
"A1","人・家族","1","家族と呼び方","trẻ em","子供たち","draft"
"A1","人・家族","1","家族と呼び方","người lớn","大人","draft"
"A1","人・家族","1","家族と呼び方","em bé","赤ちゃん","draft"
"A1","人・家族","1","家族と呼び方","cháu","孫・おい・めい","draft"
"A1","人・家族","1","家族と呼び方","bác","親より年上のおじ・おば","draft"
"A1","人・家族","1","家族と呼び方","cô","おば・女性の先生","draft"
"A1","人・家族","2","人と基本の呼び方","người","人","legacy-match"
"A1","人・家族","2","人と基本の呼び方","tôi","私","draft"
"A1","人・家族","2","人と基本の呼び方","bạn","あなた・友達","legacy-match"
"A1","人・家族","2","人と基本の呼び方","chúng tôi","私たち（聞き手を含まない）","draft"
"A1","人・家族","2","人と基本の呼び方","chúng ta","私たち（聞き手を含む）","draft"
"A1","人・家族","2","人と基本の呼び方","họ","彼ら・彼女ら","draft"
"A1","人・家族","2","人と基本の呼び方","anh ấy","彼","draft"
"A1","人・家族","2","人と基本の呼び方","cô ấy","彼女","draft"
"A1","人・家族","2","人と基本の呼び方","ai","誰","legacy-match"
"A1","人・家族","2","人と基本の呼び方","tên","名前","draft"
"A1","人・家族","2","人と基本の呼び方","tuổi","年齢","draft"
"A1","人・家族","2","人と基本の呼び方","học sinh","児童・生徒","legacy-match"
"A1","人・家族","2","人と基本の呼び方","sinh viên","大学生","legacy-match"
"A1","人・家族","2","人と基本の呼び方","giáo viên","教師","legacy-match"
"A1","人・家族","2","人と基本の呼び方","bác sĩ","医師","draft"
"A1","人・家族","2","人と基本の呼び方","nhân viên","従業員","draft"
"A1","人・家族","2","人と基本の呼び方","người Nhật","日本人","draft"
"A1","人・家族","2","人と基本の呼び方","người Việt","ベトナム人","draft"
"A1","人・家族","2","人と基本の呼び方","bạn bè","友人たち","legacy-match"
"A1","人・家族","2","人と基本の呼び方","hàng xóm","隣人","draft"
"A1","家・暮らし","1","家と部屋","nhà","家","legacy-match"
"A1","家・暮らし","1","家と部屋","phòng","部屋","draft"
"A1","家・暮らし","1","家と部屋","phòng khách","居間","draft"
"A1","家・暮らし","1","家と部屋","phòng ngủ","寝室","draft"
"A1","家・暮らし","1","家と部屋","phòng bếp","台所","draft"
"A1","家・暮らし","1","家と部屋","nhà vệ sinh","トイレ","draft"
"A1","家・暮らし","1","家と部屋","phòng tắm","浴室","draft"
"A1","家・暮らし","1","家と部屋","cửa","ドア","draft"
"A1","家・暮らし","1","家と部屋","cửa sổ","窓","draft"
"A1","家・暮らし","1","家と部屋","tường","壁","draft"
"A1","家・暮らし","1","家と部屋","sàn nhà","床","draft"
"A1","家・暮らし","1","家と部屋","mái nhà","屋根","draft"
"A1","家・暮らし","1","家と部屋","cầu thang","階段","draft"
"A1","家・暮らし","1","家と部屋","ban công","バルコニー","draft"
"A1","家・暮らし","1","家と部屋","vườn","庭","draft"
"A1","家・暮らし","1","家と部屋","sân","庭先・中庭","draft"
"A1","家・暮らし","1","家と部屋","tầng","階","draft"
"A1","家・暮らし","1","家と部屋","địa chỉ","住所","draft"
"A1","家・暮らし","1","家と部屋","chìa khóa","鍵","draft"
"A1","家・暮らし","1","家と部屋","ổ khóa","錠前","draft"
"A1","家・暮らし","2","家具と身の回り","bàn","机・テーブル","draft"
"A1","家・暮らし","2","家具と身の回り","ghế","椅子","draft"
"A1","家・暮らし","2","家具と身の回り","giường","ベッド","draft"
"A1","家・暮らし","2","家具と身の回り","tủ","戸棚","draft"
"A1","家・暮らし","2","家具と身の回り","đèn","照明","draft"
"A1","家・暮らし","2","家具と身の回り","quạt","扇風機","draft"
"A1","家・暮らし","2","家具と身の回り","điều hòa","エアコン","draft"
"A1","家・暮らし","2","家具と身の回り","tủ lạnh","冷蔵庫","draft"
"A1","家・暮らし","2","家具と身の回り","máy giặt","洗濯機","draft"
"A1","家・暮らし","2","家具と身の回り","ti vi","テレビ","draft"
"A1","家・暮らし","2","家具と身の回り","gương","鏡","draft"
"A1","家・暮らし","2","家具と身の回り","đồng hồ","時計","draft"
"A1","家・暮らし","2","家具と身の回り","điện thoại","電話","draft"
"A1","家・暮らし","2","家具と身の回り","máy tính","コンピューター","draft"
"A1","家・暮らし","2","家具と身の回り","túi","袋","draft"
"A1","家・暮らし","2","家具と身の回り","cốc","コップ","draft"
"A1","家・暮らし","2","家具と身の回り","bát","おわん","draft"
"A1","家・暮らし","2","家具と身の回り","đĩa","皿","draft"
"A1","家・暮らし","2","家具と身の回り","đũa","箸","draft"
"A1","家・暮らし","2","家具と身の回り","thìa","スプーン","draft"
"A1","毎日の動作","1","基本の動詞","ăn","食べる","legacy-match"
"A1","毎日の動作","1","基本の動詞","uống","飲む","legacy-match"
"A1","毎日の動作","1","基本の動詞","ngủ","眠る","legacy-match"
"A1","毎日の動作","1","基本の動詞","đi","行く","legacy-match"
"A1","毎日の動作","1","基本の動詞","đến","来る・到着する","legacy-match"
"A1","毎日の動作","1","基本の動詞","về","帰る","draft"
"A1","毎日の動作","1","基本の動詞","ngồi","座る","draft"
"A1","毎日の動作","1","基本の動詞","đứng","立つ","draft"
"A1","毎日の動作","1","基本の動詞","nằm","横になる","draft"
"A1","毎日の動作","1","基本の動詞","chạy","走る","draft"
"A1","毎日の動作","1","基本の動詞","đi bộ","歩く","draft"
"A1","毎日の動作","1","基本の動詞","nhìn","見る・目を向ける","draft"
"A1","毎日の動作","1","基本の動詞","nghe","聞く","legacy-match"
"A1","毎日の動作","1","基本の動詞","nói","話す","legacy-match"
"A1","毎日の動作","1","基本の動詞","đọc","読む","draft"
"A1","毎日の動作","1","基本の動詞","viết","書く","draft"
"A1","毎日の動作","1","基本の動詞","học","学ぶ","legacy-match"
"A1","毎日の動作","1","基本の動詞","làm","する・働く","legacy-match"
"A1","毎日の動作","1","基本の動詞","mua","買う","draft"
"A1","毎日の動作","1","基本の動詞","bán","売る","draft"
"A1","毎日の動作","2","生活の動き","thức dậy","目を覚ます","legacy-match"
"A1","毎日の動作","2","生活の動き","rửa","洗う","draft"
"A1","毎日の動作","2","生活の動き","tắm","入浴する","draft"
"A1","毎日の動作","2","生活の動き","đánh răng","歯を磨く","draft"
"A1","毎日の動作","2","生活の動き","nấu ăn","料理する","draft"
"A1","毎日の動作","2","生活の動き","dọn dẹp","片付ける","draft"
"A1","毎日の動作","2","生活の動き","giặt","洗濯する","draft"
"A1","毎日の動作","2","生活の動き","mặc","服を着る","draft"
"A1","毎日の動作","2","生活の動き","cởi","服を脱ぐ","draft"
"A1","毎日の動作","2","生活の動き","mở","開ける","draft"
"A1","毎日の動作","2","生活の動き","đóng","閉める","draft"
"A1","毎日の動作","2","生活の動き","bật","スイッチを入れる","draft"
"A1","毎日の動作","2","生活の動き","tắt","スイッチを切る","draft"
"A1","毎日の動作","2","生活の動き","lấy","取る","draft"
"A1","毎日の動作","2","生活の動き","đưa","手渡す","draft"
"A1","毎日の動作","2","生活の動き","mang","持っていく","draft"
"A1","毎日の動作","2","生活の動き","chờ","待つ","draft"
"A1","毎日の動作","2","生活の動き","tìm","探す","draft"
"A1","毎日の動作","2","生活の動き","gặp","会う","draft"
"A1","毎日の動作","2","生活の動き","chơi","遊ぶ","draft"
"A1","時間・数字","1","数と量","một","1","legacy-match"
"A1","時間・数字","1","数と量","hai","2","draft"
"A1","時間・数字","1","数と量","ba","3","legacy-match"
"A1","時間・数字","1","数と量","bốn","4","draft"
"A1","時間・数字","1","数と量","năm","5","legacy-match"
"A1","時間・数字","1","数と量","sáu","6","draft"
"A1","時間・数字","1","数と量","bảy","7","draft"
"A1","時間・数字","1","数と量","tám","8","draft"
"A1","時間・数字","1","数と量","chín","9","draft"
"A1","時間・数字","1","数と量","mười","10","draft"
"A1","時間・数字","1","数と量","mười một","11","draft"
"A1","時間・数字","1","数と量","mười hai","12","draft"
"A1","時間・数字","1","数と量","hai mươi","20","legacy-match"
"A1","時間・数字","1","数と量","ba mươi","30","draft"
"A1","時間・数字","1","数と量","một trăm","100","draft"
"A1","時間・数字","1","数と量","một nghìn","1000","draft"
"A1","時間・数字","1","数と量","nhiều","多い","draft"
"A1","時間・数字","1","数と量","ít","少ない","draft"
"A1","時間・数字","1","数と量","bao nhiêu","いくつ・いくら","legacy-match"
"A1","時間・数字","1","数と量","mấy","いくつ（少ない数）","draft"
"A1","時間・数字","2","日と時間","hôm nay","今日","legacy-match"
"A1","時間・数字","2","日と時間","hôm qua","昨日","legacy-match"
"A1","時間・数字","2","日と時間","ngày mai","明日","legacy-match"
"A1","時間・数字","2","日と時間","bây giờ","今","draft"
"A1","時間・数字","2","日と時間","sáng","朝","legacy-match"
"A1","時間・数字","2","日と時間","trưa","昼","draft"
"A1","時間・数字","2","日と時間","chiều","午後","draft"
"A1","時間・数字","2","日と時間","tối","夜","draft"
"A1","時間・数字","2","日と時間","đêm","夜中","draft"
"A1","時間・数字","2","日と時間","ngày","日","draft"
"A1","時間・数字","2","日と時間","tuần","週","legacy-match"
"A1","時間・数字","2","日と時間","tháng","月（期間）","legacy-match"
"A1","時間・数字","2","日と時間","năm nay","今年","draft"
"A1","時間・数字","2","日と時間","giờ","時・時間","draft"
"A1","時間・数字","2","日と時間","phút","分","draft"
"A1","時間・数字","2","日と時間","giây","秒","draft"
"A1","時間・数字","2","日と時間","thứ hai","月曜日","draft"
"A1","時間・数字","2","日と時間","thứ bảy","土曜日","draft"
"A1","時間・数字","2","日と時間","chủ nhật","日曜日","draft"
"A1","時間・数字","2","日と時間","cuối tuần","週末","legacy-match"
"A1","場所・移動","1","街の場所","trường học","学校","legacy-match"
"A1","場所・移動","1","街の場所","bệnh viện","病院","legacy-match"
"A1","場所・移動","1","街の場所","ngân hàng","銀行","draft"
"A1","場所・移動","1","街の場所","bưu điện","郵便局","draft"
"A1","場所・移動","1","街の場所","siêu thị","スーパーマーケット","draft"
"A1","場所・移動","1","街の場所","chợ","市場","legacy-match"
"A1","場所・移動","1","街の場所","cửa hàng","店","draft"
"A1","場所・移動","1","街の場所","nhà hàng","レストラン","legacy-match"
"A1","場所・移動","1","街の場所","quán cà phê","カフェ","draft"
"A1","場所・移動","1","街の場所","khách sạn","ホテル","draft"
"A1","場所・移動","1","街の場所","công viên","公園","draft"
"A1","場所・移動","1","街の場所","sân bay","空港","legacy-match"
"A1","場所・移動","1","街の場所","nhà ga","駅","legacy-match"
"A1","場所・移動","1","街の場所","bến xe","バスターミナル","draft"
"A1","場所・移動","1","街の場所","đường phố","街路","draft"
"A1","場所・移動","1","街の場所","cầu","橋","draft"
"A1","場所・移動","1","街の場所","biển","海","draft"
"A1","場所・移動","1","街の場所","núi","山","draft"
"A1","場所・移動","1","街の場所","sông","川","draft"
"A1","場所・移動","1","街の場所","hồ","湖","draft"
"A1","場所・移動","2","乗り物と位置","xe","車両","draft"
"A1","場所・移動","2","乗り物と位置","xe máy","バイク","legacy-match"
"A1","場所・移動","2","乗り物と位置","xe đạp","自転車","draft"
"A1","場所・移動","2","乗り物と位置","ô tô","自動車","draft"
"A1","場所・移動","2","乗り物と位置","xe buýt","バス","legacy-match"
"A1","場所・移動","2","乗り物と位置","tàu hỏa","列車","draft"
"A1","場所・移動","2","乗り物と位置","máy bay","飛行機","draft"
"A1","場所・移動","2","乗り物と位置","thuyền","小舟","draft"
"A1","場所・移動","2","乗り物と位置","vé","切符","draft"
"A1","場所・移動","2","乗り物と位置","bản đồ","地図","draft"
"A1","場所・移動","2","乗り物と位置","ở đâu","どこに","draft"
"A1","場所・移動","2","乗り物と位置","đây","ここ","draft"
"A1","場所・移動","2","乗り物と位置","đó","そこ","draft"
"A1","場所・移動","2","乗り物と位置","kia","あそこ","draft"
"A1","場所・移動","2","乗り物と位置","trên","上に","draft"
"A1","場所・移動","2","乗り物と位置","dưới","下に","draft"
"A1","場所・移動","2","乗り物と位置","trong","中に","draft"
"A1","場所・移動","2","乗り物と位置","ngoài","外に","draft"
"A1","場所・移動","2","乗り物と位置","trái","左","draft"
"A1","場所・移動","2","乗り物と位置","phải","右","draft"
"A1","体・服装","1","体と体調","đầu","頭","draft"
"A1","体・服装","1","体と体調","mặt","顔","draft"
"A1","体・服装","1","体と体調","mắt","目","draft"
"A1","体・服装","1","体と体調","tai","耳","draft"
"A1","体・服装","1","体と体調","mũi","鼻","draft"
"A1","体・服装","1","体と体調","miệng","口","draft"
"A1","体・服装","1","体と体調","răng","歯","draft"
"A1","体・服装","1","体と体調","tóc","髪","draft"
"A1","体・服装","1","体と体調","cổ","首","draft"
"A1","体・服装","1","体と体調","vai","肩","draft"
"A1","体・服装","1","体と体調","tay","手・腕","draft"
"A1","体・服装","1","体と体調","chân","足・脚","draft"
"A1","体・服装","1","体と体調","bụng","おなか","draft"
"A1","体・服装","1","体と体調","lưng","背中","draft"
"A1","体・服装","1","体と体調","đau","痛い","draft"
"A1","体・服装","1","体と体調","ốm","病気の","draft"
"A1","体・服装","1","体と体調","mệt","疲れた","legacy-match"
"A1","体・服装","1","体と体調","khỏe","元気な","legacy-match"
"A1","体・服装","1","体と体調","đói","空腹の","legacy-match"
"A1","体・服装","1","体と体調","khát","喉が渇いた","legacy-match"
"A1","体・服装","2","服と持ち物","áo","上着・シャツ","draft"
"A1","体・服装","2","服と持ち物","quần","ズボン","draft"
"A1","体・服装","2","服と持ち物","váy","スカート・ワンピース","draft"
"A1","体・服装","2","服と持ち物","áo sơ mi","ワイシャツ","draft"
"A1","体・服装","2","服と持ち物","áo phông","Tシャツ","draft"
"A1","体・服装","2","服と持ち物","áo khoác","ジャケット","draft"
"A1","体・服装","2","服と持ち物","quần đùi","短パン","draft"
"A1","体・服装","2","服と持ち物","giày","靴","draft"
"A1","体・服装","2","服と持ち物","dép","サンダル","draft"
"A1","体・服装","2","服と持ち物","tất","靴下","draft"
"A1","体・服装","2","服と持ち物","mũ","帽子","draft"
"A1","体・服装","2","服と持ち物","kính","眼鏡","draft"
"A1","体・服装","2","服と持ち物","ô","傘","draft"
"A1","体・服装","2","服と持ち物","áo mưa","レインコート","draft"
"A1","体・服装","2","服と持ち物","khăn","布・タオル","draft"
"A1","体・服装","2","服と持ち物","khăn mặt","顔拭きタオル","draft"
"A1","体・服装","2","服と持ち物","ba lô","リュック","draft"
"A1","体・服装","2","服と持ち物","ví","財布","draft"
"A1","体・服装","2","服と持ち物","vali","スーツケース","draft"
"A1","体・服装","2","服と持ち物","đồng phục","制服","draft"
"A1","様子・気持ち","1","基本の形容詞","to","大きい","draft"
"A1","様子・気持ち","1","基本の形容詞","nhỏ","小さい","legacy-match"
"A1","様子・気持ち","1","基本の形容詞","cao","高い（高さ）","draft"
"A1","様子・気持ち","1","基本の形容詞","thấp","低い","draft"
"A1","様子・気持ち","1","基本の形容詞","dài","長い","draft"
"A1","様子・気持ち","1","基本の形容詞","ngắn","短い","draft"
"A1","様子・気持ち","1","基本の形容詞","rộng","広い","draft"
"A1","様子・気持ち","1","基本の形容詞","hẹp","狭い","draft"
"A1","様子・気持ち","1","基本の形容詞","nóng","熱い・暑い","draft"
"A1","様子・気持ち","1","基本の形容詞","lạnh","冷たい・寒い","draft"
"A1","様子・気持ち","1","基本の形容詞","ấm","暖かい","draft"
"A1","様子・気持ち","1","基本の形容詞","mát","涼しい","draft"
"A1","様子・気持ち","1","基本の形容詞","mới","新しい","draft"
"A1","様子・気持ち","1","基本の形容詞","cũ","古い（使い古した）","draft"
"A1","様子・気持ち","1","基本の形容詞","tốt","良い","draft"
"A1","様子・気持ち","1","基本の形容詞","xấu","悪い・醜い","draft"
"A1","様子・気持ち","1","基本の形容詞","đẹp","美しい","legacy-match"
"A1","様子・気持ち","1","基本の形容詞","sạch","清潔な","draft"
"A1","様子・気持ち","1","基本の形容詞","bẩn","汚い","draft"
"A1","様子・気持ち","1","基本の形容詞","dễ","易しい","draft"
"A1","様子・気持ち","2","気持ちと状態","vui","楽しい・うれしい","legacy-match"
"A1","様子・気持ち","2","気持ちと状態","buồn","悲しい","legacy-match"
"A1","様子・気持ち","2","気持ちと状態","thích","好きである","draft"
"A1","様子・気持ち","2","気持ちと状態","yêu","愛する","draft"
"A1","様子・気持ち","2","気持ちと状態","ghét","嫌う","draft"
"A1","様子・気持ち","2","気持ちと状態","sợ","怖がる","draft"
"A1","様子・気持ち","2","気持ちと状態","biết","知っている","draft"
"A1","様子・気持ち","2","気持ちと状態","hiểu","理解する","draft"
"A1","様子・気持ち","2","気持ちと状態","nhớ","覚えている・恋しく思う","draft"
"A1","様子・気持ち","2","気持ちと状態","quên","忘れる","draft"
"A1","様子・気持ち","2","気持ちと状態","muốn","欲しい・したい","draft"
"A1","様子・気持ち","2","気持ちと状態","cần","必要とする","draft"
"A1","様子・気持ち","2","気持ちと状態","có","持っている・ある","draft"
"A1","様子・気持ち","2","気持ちと状態","không có","ない・持っていない","draft"
"A1","様子・気持ち","2","気持ちと状態","bận","忙しい","legacy-match"
"A1","様子・気持ち","2","気持ちと状態","rảnh","暇な","legacy-match"
"A1","様子・気持ち","2","気持ちと状態","nhanh","速い","draft"
"A1","様子・気持ち","2","気持ちと状態","chậm","遅い（速度）","draft"
"A1","様子・気持ち","2","気持ちと状態","khó","難しい","draft"
"A1","様子・気持ち","2","気持ちと状態","ngon","おいしい","draft"
"A1","自然・色","1","天気と自然","trời","空・天候","draft"
"A1","自然・色","1","天気と自然","nắng","日差し","draft"
"A1","自然・色","1","天気と自然","mưa","雨","draft"
"A1","自然・色","1","天気と自然","gió","風","draft"
"A1","自然・色","1","天気と自然","mây","雲","draft"
"A1","自然・色","1","天気と自然","tuyết","雪","draft"
"A1","自然・色","1","天気と自然","mùa","季節","draft"
"A1","自然・色","1","天気と自然","mùa xuân","春","draft"
"A1","自然・色","1","天気と自然","mùa hè","夏","draft"
"A1","自然・色","1","天気と自然","mùa thu","秋","draft"
"A1","自然・色","1","天気と自然","mùa đông","冬","draft"
"A1","自然・色","1","天気と自然","cây","木","draft"
"A1","自然・色","1","天気と自然","hoa","花","draft"
"A1","自然・色","1","天気と自然","lá","葉","draft"
"A1","自然・色","1","天気と自然","cỏ","草","draft"
"A1","自然・色","1","天気と自然","đất","土","draft"
"A1","自然・色","1","天気と自然","cát","砂","draft"
"A1","自然・色","1","天気と自然","mặt trời","太陽","draft"
"A1","自然・色","1","天気と自然","mặt trăng","月（天体）","draft"
"A1","自然・色","1","天気と自然","ngôi sao","星","draft"
"A1","自然・色","2","動物と色","chó","犬","draft"
"A1","自然・色","2","動物と色","mèo","猫","draft"
"A1","自然・色","2","動物と色","chim","鳥","draft"
"A1","自然・色","2","動物と色","gà","ニワトリ","draft"
"A1","自然・色","2","動物と色","vịt","アヒル","draft"
"A1","自然・色","2","動物と色","bò","牛","draft"
"A1","自然・色","2","動物と色","lợn","豚","draft"
"A1","自然・色","2","動物と色","ngựa","馬","draft"
"A1","自然・色","2","動物と色","voi","ゾウ","draft"
"A1","自然・色","2","動物と色","khỉ","猿","draft"
"A1","自然・色","2","動物と色","màu","色","draft"
"A1","自然・色","2","動物と色","đỏ","赤い","draft"
"A1","自然・色","2","動物と色","xanh lá cây","緑色の","draft"
"A1","自然・色","2","動物と色","xanh da trời","空色の","draft"
"A1","自然・色","2","動物と色","vàng","黄色い","draft"
"A1","自然・色","2","動物と色","trắng","白い","draft"
"A1","自然・色","2","動物と色","đen","黒い","draft"
"A1","自然・色","2","動物と色","hồng","ピンク色の","draft"
"A1","自然・色","2","動物と色","tím","紫色の","draft"
"A1","自然・色","2","動物と色","nâu","茶色の","draft"
"A1","会話・学習","1","あいさつと質問","xin chào","こんにちは","draft"
"A1","会話・学習","1","あいさつと質問","tạm biệt","さようなら","draft"
"A1","会話・学習","1","あいさつと質問","cảm ơn","ありがとう","draft"
"A1","会話・学習","1","あいさつと質問","xin lỗi","ごめんなさい","draft"
"A1","会話・学習","1","あいさつと質問","vâng","はい（丁寧）","draft"
"A1","会話・学習","1","あいさつと質問","không","いいえ","draft"
"A1","会話・学習","1","あいさつと質問","được","よい・可能である","draft"
"A1","会話・学習","1","あいさつと質問","không sao","大丈夫・気にしないで","draft"
"A1","会話・学習","1","あいさつと質問","xin mời","どうぞ","draft"
"A1","会話・学習","1","あいさつと質問","làm ơn","お願いします","draft"
"A1","会話・学習","1","あいさつと質問","cái gì","何","draft"
"A1","会話・学習","1","あいさつと質問","khi nào","いつ","draft"
"A1","会話・学習","1","あいさつと質問","tại sao","なぜ","draft"
"A1","会話・学習","1","あいさつと質問","thế nào","どのように","draft"
"A1","会話・学習","1","あいさつと質問","bao giờ","いつ（時点）","draft"
"A1","会話・学習","1","あいさつと質問","bao lâu","どれくらいの期間","draft"
"A1","会話・学習","1","あいさつと質問","ở","～にいる・住む","draft"
"A1","会話・学習","1","あいさつと質問","của","～の（所有）","legacy-match"
"A1","会話・学習","1","あいさつと質問","và","そして・～と","draft"
"A1","会話・学習","1","あいさつと質問","nhưng","しかし","draft"
"A1","会話・学習","2","学校と学習","sách","本","legacy-match"
"A1","会話・学習","2","学校と学習","vở","ノート","draft"
"A1","会話・学習","2","学校と学習","bút","ペン","draft"
"A1","会話・学習","2","学校と学習","bút chì","鉛筆","draft"
"A1","会話・学習","2","学校と学習","giấy","紙","draft"
"A1","会話・学習","2","学校と学習","bảng","黒板・ホワイトボード","draft"
"A1","会話・学習","2","学校と学習","lớp","クラス","draft"
"A1","会話・学習","2","学校と学習","bài học","課","draft"
"A1","会話・学習","2","学校と学習","bài tập","練習問題・宿題","draft"
"A1","会話・学習","2","学校と学習","từ","単語","draft"
"A1","会話・学習","2","学校と学習","câu","文","draft"
"A1","会話・学習","2","学校と学習","tiếng Việt","ベトナム語","draft"
"A1","会話・学習","2","学校と学習","tiếng Nhật","日本語","draft"
"A1","会話・学習","2","学校と学習","tiếng Anh","英語","draft"
"A1","会話・学習","2","学校と学習","hỏi","尋ねる","draft"
"A1","会話・学習","2","学校と学習","trả lời","答える","draft"
"A1","会話・学習","2","学校と学習","đúng","正しい","draft"
"A1","会話・学習","2","学校と学習","sai","間違っている","draft"
"A1","会話・学習","2","学校と学習","rất","とても","draft"
"A1","会話・学習","2","学校と学習","cũng","～も","draft"
"A2","食事・買い物","1","野菜と果物","cà chua","トマト","draft"
"A2","食事・買い物","1","野菜と果物","khoai tây","ジャガイモ","draft"
"A2","食事・買い物","1","野菜と果物","khoai lang","サツマイモ","draft"
"A2","食事・買い物","1","野菜と果物","cà rốt","ニンジン","draft"
"A2","食事・買い物","1","野菜と果物","hành tây","タマネギ","draft"
"A2","食事・買い物","1","野菜と果物","tỏi","ニンニク","draft"
"A2","食事・買い物","1","野菜と果物","gừng","ショウガ","draft"
"A2","食事・買い物","1","野菜と果物","ớt","トウガラシ","draft"
"A2","食事・買い物","1","野菜と果物","dưa chuột","キュウリ","draft"
"A2","食事・買い物","1","野菜と果物","bắp cải","キャベツ","draft"
"A2","食事・買い物","1","野菜と果物","rau muống","空心菜","draft"
"A2","食事・買い物","1","野菜と果物","nấm","キノコ","draft"
"A2","食事・買い物","1","野菜と果物","bí đỏ","カボチャ","draft"
"A2","食事・買い物","1","野菜と果物","cà tím","ナス","draft"
"A2","食事・買い物","1","野菜と果物","súp lơ","カリフラワー","draft"
"A2","食事・買い物","1","野菜と果物","ổi","グアバ","draft"
"A2","食事・買い物","1","野菜と果物","vải","ライチ","draft"
"A2","食事・買い物","1","野菜と果物","nhãn","リュウガン","draft"
"A2","食事・買い物","1","野菜と果物","thanh long","ドラゴンフルーツ","draft"
"A2","食事・買い物","1","野菜と果物","sầu riêng","ドリアン","draft"
"A2","食事・買い物","2","味と調理","ngọt","甘い","draft"
"A2","食事・買い物","2","味と調理","chua","酸っぱい","draft"
"A2","食事・買い物","2","味と調理","cay","辛い","draft"
"A2","食事・買い物","2","味と調理","mặn","塩辛い","draft"
"A2","食事・買い物","2","味と調理","đắng","苦い","draft"
"A2","食事・買い物","2","味と調理","nhạt","味が薄い","draft"
"A2","食事・買い物","2","味と調理","thơm","香りがよい","draft"
"A2","食事・買い物","2","味と調理","tươi","新鮮な","draft"
"A2","食事・買い物","2","味と調理","giòn","さくさくした","draft"
"A2","食事・買い物","2","味と調理","sống","生の","draft"
"A2","食事・買い物","2","味と調理","luộc","ゆでる","draft"
"A2","食事・買い物","2","味と調理","rán","油で揚げ焼きする","draft"
"A2","食事・買い物","2","味と調理","xào","炒める","draft"
"A2","食事・買い物","2","味と調理","nướng","焼く・あぶる","draft"
"A2","食事・買い物","2","味と調理","hấp","蒸す","draft"
"A2","食事・買い物","2","味と調理","kho","煮詰める","draft"
"A2","食事・買い物","2","味と調理","cắt","切る","draft"
"A2","食事・買い物","2","味と調理","gọt","皮をむく","draft"
"A2","食事・買い物","2","味と調理","trộn","混ぜ合わせる","draft"
"A2","食事・買い物","2","味と調理","nếm","味見する","draft"
"A2","食事・買い物","3","外食する","thực đơn","メニュー","draft"
"A2","食事・買い物","3","外食する","gọi món","料理を注文する","draft"
"A2","食事・買い物","3","外食する","hóa đơn","請求書・伝票","draft"
"A2","食事・買い物","3","外食する","thanh toán","支払いをする","draft"
"A2","食事・買い物","3","外食する","tiền mặt","現金","draft"
"A2","食事・買い物","3","外食する","thẻ","カード","draft"
"A2","食事・買い物","3","外食する","tiền thừa","お釣り","draft"
"A2","食事・買い物","3","外食する","đặt bàn","席を予約する","draft"
"A2","食事・買い物","3","外食する","phục vụ","接客する","draft"
"A2","食事・買い物","3","外食する","khách","客","draft"
"A2","食事・買い物","3","外食する","bữa sáng","朝食","draft"
"A2","食事・買い物","3","外食する","bữa trưa","昼食","draft"
"A2","食事・買い物","3","外食する","bữa tối","夕食","draft"
"A2","食事・買い物","3","外食する","món ăn","料理・一品","draft"
"A2","食事・買い物","3","外食する","suất ăn","食事1人前","draft"
"A2","食事・買い物","3","外食する","ăn chay","菜食する","draft"
"A2","食事・買い物","3","外食する","mang về","持ち帰る","draft"
"A2","食事・買い物","3","外食する","nước mắm","魚醤","draft"
"A2","食事・買い物","3","外食する","nước tương","しょうゆ","draft"
"A2","食事・買い物","3","外食する","gia vị","調味料","draft"
"A2","食事・買い物","4","値段と買い物","giá","値段","legacy-match"
"A2","食事・買い物","4","値段と買い物","đắt","値段が高い","legacy-match"
"A2","食事・買い物","4","値段と買い物","rẻ","安い","legacy-match"
"A2","食事・買い物","4","値段と買い物","giảm giá","値下げ・割引","legacy-match"
"A2","食事・買い物","4","値段と買い物","khuyến mãi","販売促進キャンペーン","draft"
"A2","食事・買い物","4","値段と買い物","mặc cả","値切る","draft"
"A2","食事・買い物","4","値段と買い物","đổi","交換する","draft"
"A2","食事・買い物","4","値段と買い物","trả lại","返品する","draft"
"A2","食事・買い物","4","値段と買い物","thử","試す","draft"
"A2","食事・買い物","4","値段と買い物","vừa","サイズが合う","draft"
"A2","食事・買い物","4","値段と買い物","chật","きつい・窮屈な","draft"
"A2","食事・買い物","4","値段と買い物","cỡ","サイズ","draft"
"A2","食事・買い物","4","値段と買い物","loại","種類","draft"
"A2","食事・買い物","4","値段と買い物","chất lượng","品質","draft"
"A2","食事・買い物","4","値段と買い物","số lượng","数量","draft"
"A2","食事・買い物","4","値段と買い物","cân","重さを量る","draft"
"A2","食事・買い物","4","値段と買い物","ki lô gam","キログラム","draft"
"A2","食事・買い物","4","値段と買い物","lít","リットル","draft"
"A2","食事・買い物","4","値段と買い物","chai","瓶","draft"
"A2","食事・買い物","4","値段と買い物","hộp","箱","draft"
"A2","食事・買い物","5","日用品と道具","xà phòng","せっけん","draft"
"A2","食事・買い物","5","日用品と道具","dầu gội","シャンプー","draft"
"A2","食事・買い物","5","日用品と道具","kem đánh răng","歯磨き粉","draft"
"A2","食事・買い物","5","日用品と道具","bàn chải","ブラシ","draft"
"A2","食事・買い物","5","日用品と道具","giấy vệ sinh","トイレットペーパー","draft"
"A2","食事・買い物","5","日用品と道具","khăn giấy","ティッシュ","draft"
"A2","食事・買い物","5","日用品と道具","bột giặt","洗剤の粉","draft"
"A2","食事・買い物","5","日用品と道具","nước rửa bát","食器用洗剤","draft"
"A2","食事・買い物","5","日用品と道具","chổi","ほうき","draft"
"A2","食事・買い物","5","日用品と道具","thùng rác","ごみ箱","draft"
"A2","食事・買い物","5","日用品と道具","túi ni lông","ビニール袋","draft"
"A2","食事・買い物","5","日用品と道具","pin","電池","draft"
"A2","食事・買い物","5","日用品と道具","dây sạc","充電ケーブル","draft"
"A2","食事・買い物","5","日用品と道具","ổ cắm","コンセント","draft"
"A2","食事・買い物","5","日用品と道具","kéo","はさみ","draft"
"A2","食事・買い物","5","日用品と道具","dao","包丁・ナイフ","draft"
"A2","食事・買い物","5","日用品と道具","nồi","鍋","draft"
"A2","食事・買い物","5","日用品と道具","chảo","フライパン","draft"
"A2","食事・買い物","5","日用品と道具","ấm đun nước","やかん","draft"
"A2","食事・買い物","5","日用品と道具","nồi cơm điện","炊飯器","draft"
"A2","旅行・移動","1","旅の準備","du lịch","旅行する","draft"
"A2","旅行・移動","1","旅の準備","chuyến đi","旅行・外出の一回","draft"
"A2","旅行・移動","1","旅の準備","hành lý","荷物","legacy-match"
"A2","旅行・移動","1","旅の準備","hộ chiếu","パスポート","draft"
"A2","旅行・移動","1","旅の準備","thị thực","ビザ","draft"
"A2","旅行・移動","1","旅の準備","đặt vé","チケットを予約する","draft"
"A2","旅行・移動","1","旅の準備","vé khứ hồi","往復切符","draft"
"A2","旅行・移動","1","旅の準備","vé một chiều","片道切符","legacy-match"
"A2","旅行・移動","1","旅の準備","lịch trình","旅程","draft"
"A2","旅行・移動","1","旅の準備","khởi hành","出発する","draft"
"A2","旅行・移動","1","旅の準備","điểm đến","目的地","draft"
"A2","旅行・移動","1","旅の準備","quốc tế","国際的な","draft"
"A2","旅行・移動","1","旅の準備","nội địa","国内の","draft"
"A2","旅行・移動","1","旅の準備","sân ga","プラットホーム","draft"
"A2","旅行・移動","1","旅の準備","cổng","門・ゲート","draft"
"A2","旅行・移動","1","旅の準備","chuyến bay","便（飛行機）","legacy-match"
"A2","旅行・移動","1","旅の準備","cất cánh","離陸する","draft"
"A2","旅行・移動","1","旅の準備","hạ cánh","着陸する","draft"
"A2","旅行・移動","1","旅の準備","hải quan","税関","draft"
"A2","旅行・移動","1","旅の準備","kiểm tra","検査する","draft"
"A2","旅行・移動","2","道案内","rẽ","曲がる","draft"
"A2","旅行・移動","2","道案内","đi thẳng","まっすぐ行く","draft"
"A2","旅行・移動","2","道案内","quay lại","引き返す","draft"
"A2","旅行・移動","2","道案内","bên cạnh","隣に","draft"
"A2","旅行・移動","2","道案内","đối diện","向かい側に","draft"
"A2","旅行・移動","2","道案内","gần","近い","legacy-match"
"A2","旅行・移動","2","道案内","xa","遠い","draft"
"A2","旅行・移動","2","道案内","giữa","間・中央に","draft"
"A2","旅行・移動","2","道案内","trước","前に","draft"
"A2","旅行・移動","2","道案内","sau","後ろに","draft"
"A2","旅行・移動","2","道案内","ngã tư","交差点（四つ角）","legacy-match"
"A2","旅行・移動","2","道案内","ngã ba","三叉路","draft"
"A2","旅行・移動","2","道案内","đèn giao thông","信号機","draft"
"A2","旅行・移動","2","道案内","vỉa hè","歩道","draft"
"A2","旅行・移動","2","道案内","lối đi","通路","draft"
"A2","旅行・移動","2","道案内","lối vào","入口","draft"
"A2","旅行・移動","2","道案内","lối ra","出口","draft"
"A2","旅行・移動","2","道案内","biển báo","標識","draft"
"A2","旅行・移動","2","道案内","phương hướng","方角","draft"
"A2","旅行・移動","2","道案内","vị trí","位置","draft"
"A2","旅行・移動","3","交通と乗車","taxi","タクシー","draft"
"A2","旅行・移動","3","交通と乗車","tàu điện","電車","draft"
"A2","旅行・移動","3","交通と乗車","tàu điện ngầm","地下鉄","draft"
"A2","旅行・移動","3","交通と乗車","phà","フェリー","draft"
"A2","旅行・移動","3","交通と乗車","xe khách","長距離バス","draft"
"A2","旅行・移動","3","交通と乗車","xe ôm","バイクタクシー","draft"
"A2","旅行・移動","3","交通と乗車","tài xế","運転手","draft"
"A2","旅行・移動","3","交通と乗車","hành khách","乗客","draft"
"A2","旅行・移動","3","交通と乗車","bến","乗り場","draft"
"A2","旅行・移動","3","交通と乗車","trạm xe buýt","バス停","draft"
"A2","旅行・移動","3","交通と乗車","tuyến","路線","draft"
"A2","旅行・移動","3","交通と乗車","số hiệu","番号・識別番号","draft"
"A2","旅行・移動","3","交通と乗車","lên xe","乗車する","draft"
"A2","旅行・移動","3","交通と乗車","xuống xe","降車する","draft"
"A2","旅行・移動","3","交通と乗車","chuyển tàu","電車を乗り換える","draft"
"A2","旅行・移動","3","交通と乗車","tắc đường","渋滞","draft"
"A2","旅行・移動","3","交通と乗車","đỗ xe","駐車する","draft"
"A2","旅行・移動","3","交通と乗車","bãi đỗ xe","駐車場","draft"
"A2","旅行・移動","3","交通と乗車","xăng","ガソリン","draft"
"A2","旅行・移動","3","交通と乗車","mũ bảo hiểm","ヘルメット","draft"
"A2","旅行・移動","4","宿泊する","đặt phòng","部屋を予約する","draft"
"A2","旅行・移動","4","宿泊する","lễ tân","受付係","draft"
"A2","旅行・移動","4","宿泊する","nhận phòng","チェックインする","draft"
"A2","旅行・移動","4","宿泊する","trả phòng","チェックアウトする","draft"
"A2","旅行・移動","4","宿泊する","phòng đơn","シングルルーム","draft"
"A2","旅行・移動","4","宿泊する","phòng đôi","ダブルルーム","draft"
"A2","旅行・移動","4","宿泊する","giường đôi","ダブルベッド","draft"
"A2","旅行・移動","4","宿泊する","chăn","掛け布団","draft"
"A2","旅行・移動","4","宿泊する","gối","枕","draft"
"A2","旅行・移動","4","宿泊する","ga trải giường","ベッドシーツ","draft"
"A2","旅行・移動","4","宿泊する","thang máy","エレベーター","draft"
"A2","旅行・移動","4","宿泊する","tầng trệt","地上階","draft"
"A2","旅行・移動","4","宿泊する","nước nóng","お湯","draft"
"A2","旅行・移動","4","宿泊する","wifi","Wi-Fi","draft"
"A2","旅行・移動","4","宿泊する","mật khẩu","パスワード","draft"
"A2","旅行・移動","4","宿泊する","dịch vụ","サービス","draft"
"A2","旅行・移動","4","宿泊する","bao gồm","含む","draft"
"A2","旅行・移動","4","宿泊する","miễn phí","無料の","draft"
"A2","旅行・移動","4","宿泊する","tiền đặt cọc","保証金・手付金","draft"
"A2","旅行・移動","4","宿泊する","yên tĩnh","静かな","draft"
"A2","旅行・移動","5","観光と自然","tham quan","見学・観光する","draft"
"A2","旅行・移動","5","観光と自然","di tích","史跡","draft"
"A2","旅行・移動","5","観光と自然","bảo tàng","博物館","draft"
"A2","旅行・移動","5","観光と自然","chùa","仏教寺院","draft"
"A2","旅行・移動","5","観光と自然","đền","神を祭る社","draft"
"A2","旅行・移動","5","観光と自然","nhà thờ","教会","draft"
"A2","旅行・移動","5","観光と自然","bãi biển","海水浴場・浜辺","draft"
"A2","旅行・移動","5","観光と自然","đảo","島","draft"
"A2","旅行・移動","5","観光と自然","thác nước","滝","draft"
"A2","旅行・移動","5","観光と自然","hang động","洞窟","draft"
"A2","旅行・移動","5","観光と自然","rừng","森林","draft"
"A2","旅行・移動","5","観光と自然","đồi","丘","draft"
"A2","旅行・移動","5","観光と自然","làng","村","draft"
"A2","旅行・移動","5","観光と自然","thành phố","都市","draft"
"A2","旅行・移動","5","観光と自然","quê","故郷","draft"
"A2","旅行・移動","5","観光と自然","phong cảnh","風景","draft"
"A2","旅行・移動","5","観光と自然","chụp ảnh","写真を撮る","draft"
"A2","旅行・移動","5","観光と自然","hướng dẫn viên","観光ガイド","draft"
"A2","旅行・移動","5","観光と自然","quà lưu niệm","お土産品","draft"
"A2","旅行・移動","5","観光と自然","nổi tiếng","有名な","draft"
"A2","暮らし・健康","1","家事と住まい","thuê","借りる（有料で）","draft"
"A2","暮らし・健康","1","家事と住まい","chuyển nhà","引っ越す","draft"
"A2","暮らし・健康","1","家事と住まい","căn hộ","アパートの住戸","draft"
"A2","暮らし・健康","1","家事と住まい","chủ nhà","大家","draft"
"A2","暮らし・健康","1","家事と住まい","tiền thuê","家賃・レンタル料","draft"
"A2","暮らし・健康","1","家事と住まい","hợp đồng","契約","draft"
"A2","暮らし・健康","1","家事と住まい","sửa","直す","draft"
"A2","暮らし・健康","1","家事と住まい","hỏng","故障した","draft"
"A2","暮らし・健康","1","家事と住まい","điện","電気","draft"
"A2","暮らし・健康","1","家事と住まい","mất điện","停電する","draft"
"A2","暮らし・健康","1","家事と住まい","nước máy","水道水","draft"
"A2","暮らし・健康","1","家事と住まい","rò rỉ","漏れる","draft"
"A2","暮らし・健康","1","家事と住まい","lau","拭く","draft"
"A2","暮らし・健康","1","家事と住まい","quét","掃く","draft"
"A2","暮らし・健康","1","家事と住まい","hút bụi","掃除機をかける","draft"
"A2","暮らし・健康","1","家事と住まい","phơi","干す","draft"
"A2","暮らし・健康","1","家事と住まい","gấp","折り畳む","draft"
"A2","暮らし・健康","1","家事と住まい","là quần áo","服にアイロンをかける","draft"
"A2","暮らし・健康","1","家事と住まい","đổ rác","ごみを捨てる","draft"
"A2","暮らし・健康","1","家事と住まい","tưới cây","植物に水をやる","draft"
"A2","暮らし・健康","2","体の詳しい名前","ngực","胸","draft"
"A2","暮らし・健康","2","体の詳しい名前","tim","心臓","draft"
"A2","暮らし・健康","2","体の詳しい名前","phổi","肺","draft"
"A2","暮らし・健康","2","体の詳しい名前","da","皮膚","draft"
"A2","暮らし・健康","2","体の詳しい名前","máu","血","draft"
"A2","暮らし・健康","2","体の詳しい名前","xương","骨","draft"
"A2","暮らし・健康","2","体の詳しい名前","ngón tay","手の指","draft"
"A2","暮らし・健康","2","体の詳しい名前","ngón chân","足の指","draft"
"A2","暮らし・健康","2","体の詳しい名前","bàn tay","手のひらを含む手","draft"
"A2","暮らし・健康","2","体の詳しい名前","bàn chân","足首から先の足","draft"
"A2","暮らし・健康","2","体の詳しい名前","đầu gối","膝","draft"
"A2","暮らし・健康","2","体の詳しい名前","khuỷu tay","肘","draft"
"A2","暮らし・健康","2","体の詳しい名前","cổ tay","手首","draft"
"A2","暮らし・健康","2","体の詳しい名前","cổ chân","足首","draft"
"A2","暮らし・健康","2","体の詳しい名前","môi","唇","draft"
"A2","暮らし・健康","2","体の詳しい名前","lưỡi","舌","draft"
"A2","暮らし・健康","2","体の詳しい名前","họng","喉","draft"
"A2","暮らし・健康","2","体の詳しい名前","trán","額","draft"
"A2","暮らし・健康","2","体の詳しい名前","má","頬","draft"
"A2","暮らし・健康","2","体の詳しい名前","cằm","あご","draft"
"A2","暮らし・健康","3","症状と診察","bệnh","病気","draft"
"A2","暮らし・健康","3","症状と診察","sốt","発熱する","draft"
"A2","暮らし・健康","3","症状と診察","ho","せきをする","draft"
"A2","暮らし・健康","3","症状と診察","đau đầu","頭痛がする","draft"
"A2","暮らし・健康","3","症状と診察","đau bụng","腹痛がする","draft"
"A2","暮らし・健康","3","症状と診察","đau họng","喉が痛い","draft"
"A2","暮らし・健康","3","症状と診察","sổ mũi","鼻水が出る","draft"
"A2","暮らし・健康","3","症状と診察","chóng mặt","めまいがする","draft"
"A2","暮らし・健康","3","症状と診察","buồn nôn","吐き気がする","draft"
"A2","暮らし・健康","3","症状と診察","dị ứng","アレルギー","draft"
"A2","暮らし・健康","3","症状と診察","vết thương","傷","draft"
"A2","暮らし・健康","3","症状と診察","thuốc","薬","draft"
"A2","暮らし・健康","3","症状と診察","nhà thuốc","薬局","draft"
"A2","暮らし・健康","3","症状と診察","y tá","看護師","draft"
"A2","暮らし・健康","3","症状と診察","khám bệnh","診察を受ける・する","draft"
"A2","暮らし・健康","3","症状と診察","bệnh nhân","患者","draft"
"A2","暮らし・健康","3","症状と診察","đơn thuốc","処方箋","draft"
"A2","暮らし・健康","3","症状と診察","nghỉ ngơi","休養する","draft"
"A2","暮らし・健康","3","症状と診察","uống thuốc","薬を飲む","draft"
"A2","暮らし・健康","3","症状と診察","cấp cứu","救急","draft"
"A2","暮らし・健康","4","健康的な毎日","tập thể dục","運動する","draft"
"A2","暮らし・健康","4","健康的な毎日","đi dạo","散歩する","draft"
"A2","暮らし・健康","4","健康的な毎日","chạy bộ","ジョギングする","draft"
"A2","暮らし・健康","4","健康的な毎日","bơi","泳ぐ","draft"
"A2","暮らし・健康","4","健康的な毎日","nghỉ","休む","draft"
"A2","暮らし・健康","4","健康的な毎日","thở","呼吸する","draft"
"A2","暮らし・健康","4","健康的な毎日","cân nặng","体重","draft"
"A2","暮らし・健康","4","健康的な毎日","chiều cao","身長","draft"
"A2","暮らし・健康","4","健康的な毎日","sức khỏe","健康","legacy-match"
"A2","暮らし・健康","4","健康的な毎日","thói quen","習慣","draft"
"A2","暮らし・健康","4","健康的な毎日","ngủ trưa","昼寝する","draft"
"A2","暮らし・健康","4","健康的な毎日","thức khuya","夜更かしする","draft"
"A2","暮らし・健康","4","健康的な毎日","dậy sớm","早起きする","draft"
"A2","暮らし・健康","4","健康的な毎日","đều đặn","規則的に","draft"
"A2","暮らし・健康","4","健康的な毎日","hằng ngày","毎日","draft"
"A2","暮らし・健康","4","健康的な毎日","đủ","十分な","draft"
"A2","暮らし・健康","4","健康的な毎日","thiếu","不足する","draft"
"A2","暮らし・健康","4","健康的な毎日","quá","～すぎる","draft"
"A2","暮らし・健康","4","健康的な毎日","an toàn","安全な","draft"
"A2","暮らし・健康","4","健康的な毎日","nguy hiểm","危険な","draft"
"A2","暮らし・健康","5","天気と季節の暮らし","thời tiết","天気","draft"
"A2","暮らし・健康","5","天気と季節の暮らし","nhiệt độ","温度","draft"
"A2","暮らし・健康","5","天気と季節の暮らし","độ","度（温度など）","draft"
"A2","暮らし・健康","5","天気と季節の暮らし","ẩm","湿った","draft"
"A2","暮らし・健康","5","天気と季節の暮らし","khô","乾いた","draft"
"A2","暮らし・健康","5","天気と季節の暮らし","ướt","ぬれた","draft"
"A2","暮らし・健康","5","天気と季節の暮らし","bão","台風・暴風雨","draft"
"A2","暮らし・健康","5","天気と季節の暮らし","sấm","雷鳴","draft"
"A2","暮らし・健康","5","天気と季節の暮らし","chớp","稲光","draft"
"A2","暮らし・健康","5","天気と季節の暮らし","sương mù","霧","draft"
"A2","暮らし・健康","5","天気と季節の暮らし","mưa phùn","霧雨","draft"
"A2","暮らし・健康","5","天気と季節の暮らし","mưa rào","にわか雨","draft"
"A2","暮らし・健康","5","天気と季節の暮らし","cầu vồng","虹","draft"
"A2","暮らし・健康","5","天気と季節の暮らし","rét","厳しく寒い","draft"
"A2","暮らし・健康","5","天気と季節の暮らし","oi","蒸し暑い","draft"
"A2","暮らし・健康","5","天気と季節の暮らし","dự báo","予報","draft"
"A2","暮らし・健康","5","天気と季節の暮らし","mùa mưa","雨季","draft"
"A2","暮らし・健康","5","天気と季節の暮らし","mùa khô","乾季","draft"
"A2","暮らし・健康","5","天気と季節の暮らし","ô nhiễm","汚染","legacy-match"
"A2","暮らし・健康","5","天気と季節の暮らし","không khí","空気","draft"
"A2","学習・仕事","1","学習を進める","ôn tập","復習する","draft"
"A2","学習・仕事","1","学習を進める","luyện tập","練習する","draft"
"A2","学習・仕事","1","学習を進める","ghi chép","書き留める","draft"
"A2","学習・仕事","1","学習を進める","tra từ điển","辞書を引く","draft"
"A2","学習・仕事","1","学習を進める","dịch","翻訳する","draft"
"A2","学習・仕事","1","学習を進める","phát âm","発音する","draft"
"A2","学習・仕事","1","学習を進める","ngữ pháp","文法","draft"
"A2","学習・仕事","1","学習を進める","từ vựng","語彙","draft"
"A2","学習・仕事","1","学習を進める","chữ cái","文字・アルファベット","draft"
"A2","学習・仕事","1","学習を進める","thanh điệu","声調","draft"
"A2","学習・仕事","1","学習を進める","âm tiết","音節","draft"
"A2","学習・仕事","1","学習を進める","ý nghĩa","意味","draft"
"A2","学習・仕事","1","学習を進める","ví dụ","例","draft"
"A2","学習・仕事","1","学習を進める","giải thích","説明する","draft"
"A2","学習・仕事","1","学習を進める","nhắc lại","繰り返して言う","draft"
"A2","学習・仕事","1","学習を進める","nộp bài","課題を提出する","draft"
"A2","学習・仕事","1","学習を進める","kỳ thi","試験","draft"
"A2","学習・仕事","1","学習を進める","điểm số","点数","draft"
"A2","学習・仕事","1","学習を進める","kết quả","結果","legacy-match"
"A2","学習・仕事","1","学習を進める","tiến bộ","進歩する","draft"
"A2","学習・仕事","2","学校で使う言葉","môn học","科目","draft"
"A2","学習・仕事","2","学校で使う言葉","toán","数学","draft"
"A2","学習・仕事","2","学校で使う言葉","lịch sử","歴史","draft"
"A2","学習・仕事","2","学校で使う言葉","địa lý","地理","draft"
"A2","学習・仕事","2","学校で使う言葉","văn học","文学","draft"
"A2","学習・仕事","2","学校で使う言葉","khoa học","科学","draft"
"A2","学習・仕事","2","学校で使う言葉","âm nhạc","音楽","draft"
"A2","学習・仕事","2","学校で使う言葉","mỹ thuật","美術","draft"
"A2","学習・仕事","2","学校で使う言葉","thư viện","図書館","draft"
"A2","学習・仕事","2","学校で使う言葉","sân trường","校庭","draft"
"A2","学習・仕事","2","学校で使う言葉","hiệu trưởng","校長","draft"
"A2","学習・仕事","2","学校で使う言葉","bạn cùng lớp","クラスメート","draft"
"A2","学習・仕事","2","学校で使う言葉","học kỳ","学期","draft"
"A2","学習・仕事","2","学校で使う言葉","thời khóa biểu","時間割","draft"
"A2","学習・仕事","2","学校で使う言葉","giờ nghỉ","休憩時間","draft"
"A2","学習・仕事","2","学校で使う言葉","bằng cấp","学位・資格証書","draft"
"A2","学習・仕事","2","学校で使う言葉","tốt nghiệp","卒業する","draft"
"A2","学習・仕事","2","学校で使う言葉","đại học","大学","draft"
"A2","学習・仕事","2","学校で使う言葉","trung học","中等教育","draft"
"A2","学習・仕事","2","学校で使う言葉","tiểu học","小学校教育","draft"
"A2","学習・仕事","3","職業と働く場所","công việc","仕事","legacy-match"
"A2","学習・仕事","3","職業と働く場所","nghề","職業","draft"
"A2","学習・仕事","3","職業と働く場所","công ty","会社","draft"
"A2","学習・仕事","3","職業と働く場所","văn phòng","オフィス","draft"
"A2","学習・仕事","3","職業と働く場所","nhà máy","工場","draft"
"A2","学習・仕事","3","職業と働く場所","cửa hiệu","商店","draft"
"A2","学習・仕事","3","職業と働く場所","đồng nghiệp","同僚","legacy-match"
"A2","学習・仕事","3","職業と働く場所","sếp","上司","draft"
"A2","学習・仕事","3","職業と働く場所","kỹ sư","エンジニア","draft"
"A2","学習・仕事","3","職業と働く場所","đầu bếp","料理人","draft"
"A2","学習・仕事","3","職業と働く場所","công nhân","工員","draft"
"A2","学習・仕事","3","職業と働く場所","nông dân","農民","draft"
"A2","学習・仕事","3","職業と働く場所","cảnh sát","警察官","draft"
"A2","学習・仕事","3","職業と働く場所","lính cứu hỏa","消防士","draft"
"A2","学習・仕事","3","職業と働く場所","luật sư","弁護士","draft"
"A2","学習・仕事","3","職業と働く場所","ca sĩ","歌手","draft"
"A2","学習・仕事","3","職業と働く場所","diễn viên","俳優","draft"
"A2","学習・仕事","3","職業と働く場所","nhà báo","記者","draft"
"A2","学習・仕事","3","職業と働く場所","thợ sửa xe","車両修理工","draft"
"A2","学習・仕事","3","職業と働く場所","người bán hàng","販売員","draft"
"A2","学習・仕事","4","職場の基本動作","bắt đầu","始める","draft"
"A2","学習・仕事","4","職場の基本動作","kết thúc","終える","draft"
"A2","学習・仕事","4","職場の基本動作","hoàn thành","完成させる","draft"
"A2","学習・仕事","4","職場の基本動作","chuẩn bị","準備する","draft"
"A2","学習・仕事","4","職場の基本動作","giúp","助ける","draft"
"A2","学習・仕事","4","職場の基本動作","gửi","送る","draft"
"A2","学習・仕事","4","職場の基本動作","nhận","受け取る","draft"
"A2","学習・仕事","4","職場の基本動作","gọi điện","電話する","draft"
"A2","学習・仕事","4","職場の基本動作","họp","会議をする","draft"
"A2","学習・仕事","4","職場の基本動作","làm thêm","追加で働く・アルバイトする","draft"
"A2","学習・仕事","4","職場の基本動作","nghỉ phép","休暇を取る","draft"
"A2","学習・仕事","4","職場の基本動作","lương","給料","draft"
"A2","学習・仕事","4","職場の基本動作","giờ làm","勤務時間","draft"
"A2","学習・仕事","4","職場の基本動作","ngày nghỉ","休日","draft"
"A2","学習・仕事","4","職場の基本動作","cuộc họp","会議","legacy-match"
"A2","学習・仕事","4","職場の基本動作","tài liệu","資料","draft"
"A2","学習・仕事","4","職場の基本動作","máy in","プリンター","draft"
"A2","学習・仕事","4","職場の基本動作","in","印刷する","draft"
"A2","学習・仕事","4","職場の基本動作","sao chép","コピーする","draft"
"A2","学習・仕事","4","職場の基本動作","ký tên","署名する","draft"
"A2","学習・仕事","5","スマホと連絡","ứng dụng","アプリ","draft"
"A2","学習・仕事","5","スマホと連絡","tin nhắn","メッセージ","draft"
"A2","学習・仕事","5","スマホと連絡","thư điện tử","電子メール","draft"
"A2","学習・仕事","5","スマホと連絡","màn hình","画面","draft"
"A2","学習・仕事","5","スマホと連絡","bàn phím","キーボード","draft"
"A2","学習・仕事","5","スマホと連絡","chuột máy tính","マウス","draft"
"A2","学習・仕事","5","スマホと連絡","mạng","ネットワーク","draft"
"A2","学習・仕事","5","スマホと連絡","trang web","ウェブページ","draft"
"A2","学習・仕事","5","スマホと連絡","đường dẫn","リンク","draft"
"A2","学習・仕事","5","スマホと連絡","tải xuống","ダウンロードする","draft"
"A2","学習・仕事","5","スマホと連絡","tải lên","アップロードする","draft"
"A2","学習・仕事","5","スマホと連絡","đăng nhập","ログインする","draft"
"A2","学習・仕事","5","スマホと連絡","đăng xuất","ログアウトする","draft"
"A2","学習・仕事","5","スマホと連絡","tài khoản","アカウント","draft"
"A2","学習・仕事","5","スマホと連絡","lưu","保存する","draft"
"A2","学習・仕事","5","スマホと連絡","xóa","削除する","draft"
"A2","学習・仕事","5","スマホと連絡","chọn","選ぶ","draft"
"A2","学習・仕事","5","スマホと連絡","nhấn","押す","draft"
"A2","学習・仕事","5","スマホと連絡","kết nối","接続する","draft"
"A2","学習・仕事","5","スマホと連絡","sạc","充電する","draft"
"A2","交流・趣味","1","気持ちを伝える","hạnh phúc","幸せな","draft"
"A2","交流・趣味","1","気持ちを伝える","lo lắng","心配する","legacy-match"
"A2","交流・趣味","1","気持ちを伝える","tức giận","腹を立てる","draft"
"A2","交流・趣味","1","気持ちを伝える","ngạc nhiên","驚く","legacy-match"
"A2","交流・趣味","1","気持ちを伝える","hào hứng","わくわくした","draft"
"A2","交流・趣味","1","気持ちを伝える","chán","退屈した","draft"
"A2","交流・趣味","1","気持ちを伝える","cô đơn","孤独な","draft"
"A2","交流・趣味","1","気持ちを伝える","xấu hổ","恥ずかしい","draft"
"A2","交流・趣味","1","気持ちを伝える","tự tin","自信がある","draft"
"A2","交流・趣味","1","気持ちを伝える","bình tĩnh","落ち着いた","draft"
"A2","交流・趣味","1","気持ちを伝える","thất vọng","失望した","draft"
"A2","交流・趣味","1","気持ちを伝える","hài lòng","満足した","draft"
"A2","交流・趣味","1","気持ちを伝える","hy vọng","希望する","legacy-match"
"A2","交流・趣味","1","気持ちを伝える","quan tâm","関心を持つ","draft"
"A2","交流・趣味","1","気持ちを伝える","tin","信じる","draft"
"A2","交流・趣味","1","気持ちを伝える","nghĩ","考える","draft"
"A2","交流・趣味","1","気持ちを伝える","cảm thấy","感じる","draft"
"A2","交流・趣味","1","気持ちを伝える","cười","笑う","draft"
"A2","交流・趣味","1","気持ちを伝える","khóc","泣く","draft"
"A2","交流・趣味","1","気持ちを伝える","mỉm cười","ほほ笑む","draft"
"A2","交流・趣味","2","人柄と関係","thân thiện","親しみやすい","draft"
"A2","交流・趣味","2","人柄と関係","tốt bụng","親切な","draft"
"A2","交流・趣味","2","人柄と関係","vui tính","陽気な","draft"
"A2","交流・趣味","2","人柄と関係","nghiêm túc","真面目な","draft"
"A2","交流・趣味","2","人柄と関係","chăm chỉ","勤勉な","draft"
"A2","交流・趣味","2","人柄と関係","lười","怠惰な","draft"
"A2","交流・趣味","2","人柄と関係","thông minh","賢い","draft"
"A2","交流・趣味","2","人柄と関係","lịch sự","礼儀正しい","draft"
"A2","交流・趣味","2","人柄と関係","thật thà","正直な","draft"
"A2","交流・趣味","2","人柄と関係","kiên nhẫn","忍耐強い","draft"
"A2","交流・趣味","2","人柄と関係","quen","知り合いである","draft"
"A2","交流・趣味","2","人柄と関係","làm quen","知り合う","draft"
"A2","交流・趣味","2","人柄と関係","giới thiệu","紹介する","draft"
"A2","交流・趣味","2","人柄と関係","mời","招待する","legacy-match"
"A2","交流・趣味","2","人柄と関係","hẹn","約束する","draft"
"A2","交流・趣味","2","人柄と関係","cuộc hẹn","会う約束","legacy-match"
"A2","交流・趣味","2","人柄と関係","sinh nhật","誕生日","draft"
"A2","交流・趣味","2","人柄と関係","quà","贈り物","draft"
"A2","交流・趣味","2","人柄と関係","bữa tiệc","パーティー","draft"
"A2","交流・趣味","2","人柄と関係","chúc mừng","お祝いを言う","draft"
"A2","交流・趣味","3","趣味とスポーツ","sở thích","趣味","draft"
"A2","交流・趣味","3","趣味とスポーツ","bóng đá","サッカー","draft"
"A2","交流・趣味","3","趣味とスポーツ","bóng rổ","バスケットボール","draft"
"A2","交流・趣味","3","趣味とスポーツ","bóng chuyền","バレーボール","draft"
"A2","交流・趣味","3","趣味とスポーツ","cầu lông","バドミントン","draft"
"A2","交流・趣味","3","趣味とスポーツ","bóng bàn","卓球","draft"
"A2","交流・趣味","3","趣味とスポーツ","quần vợt","テニス","draft"
"A2","交流・趣味","3","趣味とスポーツ","đạp xe","自転車に乗る","draft"
"A2","交流・趣味","3","趣味とスポーツ","leo núi","登山する","draft"
"A2","交流・趣味","3","趣味とスポーツ","cắm trại","キャンプをする","draft"
"A2","交流・趣味","3","趣味とスポーツ","câu cá","釣りをする","draft"
"A2","交流・趣味","3","趣味とスポーツ","vẽ","絵を描く","draft"
"A2","交流・趣味","3","趣味とスポーツ","hát","歌う","draft"
"A2","交流・趣味","3","趣味とスポーツ","nhảy","跳ぶ・踊る","draft"
"A2","交流・趣味","3","趣味とスポーツ","đàn","楽器","draft"
"A2","交流・趣味","3","趣味とスポーツ","đàn ghi ta","ギター","draft"
"A2","交流・趣味","3","趣味とスポーツ","đàn piano","ピアノ","draft"
"A2","交流・趣味","3","趣味とスポーツ","bộ phim","映画作品","draft"
"A2","交流・趣味","3","趣味とスポーツ","rạp chiếu phim","映画館","draft"
"A2","交流・趣味","3","趣味とスポーツ","trò chơi","ゲーム・遊び","draft"
"A2","交流・趣味","4","予定と頻度","thường","よく・普段は","legacy-match"
"A2","交流・趣味","4","予定と頻度","luôn luôn","いつも","draft"
"A2","交流・趣味","4","予定と頻度","đôi khi","時々","draft"
"A2","交流・趣味","4","予定と頻度","hiếm khi","めったに～ない","draft"
"A2","交流・趣味","4","予定と頻度","chưa bao giờ","一度も～ない","legacy-match"
"A2","交流・趣味","4","予定と頻度","đã","すでに～した","draft"
"A2","交流・趣味","4","予定と頻度","đang","～している","draft"
"A2","交流・趣味","4","予定と頻度","sẽ","～する予定だ","draft"
"A2","交流・趣味","4","予定と頻度","sắp","まもなく～する","legacy-match"
"A2","交流・趣味","4","予定と頻度","vừa mới","～したばかり","legacy-match"
"A2","交流・趣味","4","予定と頻度","vẫn","依然として","draft"
"A2","交流・趣味","4","予定と頻度","lại","再び","draft"
"A2","交流・趣味","4","予定と頻度","nữa","さらに・もう","draft"
"A2","交流・趣味","4","予定と頻度","rồi","もう～した","draft"
"A2","交流・趣味","4","予定と頻度","chưa","まだ～していない","legacy-match"
"A2","交流・趣味","4","予定と頻度","sớm","早い（時刻）","draft"
"A2","交流・趣味","4","予定と頻度","muộn","遅い（時刻）","draft"
"A2","交流・趣味","4","予定と頻度","lần","回","draft"
"A2","交流・趣味","4","予定と頻度","kế hoạch","計画","draft"
"A2","交流・趣味","4","予定と頻度","dự định","予定・つもり","legacy-match"
"A2","交流・趣味","5","会話をつなぐ","vì","～なので","draft"
"A2","交流・趣味","5","会話をつなぐ","nên","それで・～すべき","legacy-match"
"A2","交流・趣味","5","会話をつなぐ","nếu","もし～なら","draft"
"A2","交流・趣味","5","会話をつなぐ","hoặc","または","draft"
"A2","交流・趣味","5","会話をつなぐ","hay","あるいは（選択）","draft"
"A2","交流・趣味","5","会話をつなぐ","với","～と一緒に","legacy-match"
"A2","交流・趣味","5","会話をつなぐ","cho","～のために・与える","legacy-match"
"A2","交流・趣味","5","会話をつなぐ","để","～するために","draft"
"A2","交流・趣味","5","会話をつなぐ","từ khi","～して以来","legacy-match"
"A2","交流・趣味","5","会話をつなぐ","đến khi","～するまで","draft"
"A2","交流・趣味","5","会話をつなぐ","trong khi","～している間に","legacy-match"
"A2","交流・趣味","5","会話をつなぐ","trước khi","～する前に","draft"
"A2","交流・趣味","5","会話をつなぐ","sau khi","～した後に","legacy-match"
"A2","交流・趣味","5","会話をつなぐ","mặc dù","～にもかかわらず","legacy-match"
"A2","交流・趣味","5","会話をつなぐ","có thể","～できる・かもしれない","legacy-match"
"A2","交流・趣味","5","会話をつなぐ","có lẽ","おそらく","legacy-match"
"A2","交流・趣味","5","会話をつなぐ","chắc","たぶん・確かに","draft"
"A2","交流・趣味","5","会話をつなぐ","thật","本当に","draft"
"A2","交流・趣味","5","会話をつなぐ","chỉ","～だけ","draft"
"A2","交流・趣味","5","会話をつなぐ","cả","全部・～も","draft"
"B1","仕事・キャリア","1","就職と採用","ứng tuyển","求人に応募する","draft"
"B1","仕事・キャリア","1","就職と採用","tuyển dụng","人材を採用する","draft"
"B1","仕事・キャリア","1","就職と採用","phỏng vấn","面接・インタビュー","legacy-match"
"B1","仕事・キャリア","1","就職と採用","hồ sơ","書類一式","draft"
"B1","仕事・キャリア","1","就職と採用","sơ yếu lý lịch","履歴書","draft"
"B1","仕事・キャリア","1","就職と採用","kinh nghiệm","経験","legacy-match"
"B1","仕事・キャリア","1","就職と採用","kỹ năng","技能","legacy-match"
"B1","仕事・キャリア","1","就職と採用","năng lực","能力","draft"
"B1","仕事・キャリア","1","就職と採用","yêu cầu","要求・要件","draft"
"B1","仕事・キャリア","1","就職と採用","vị trí tuyển dụng","募集職種","draft"
"B1","仕事・キャリア","1","就職と採用","ứng viên","応募者","draft"
"B1","仕事・キャリア","1","就職と採用","nhà tuyển dụng","採用側・雇用主","draft"
"B1","仕事・キャリア","1","就職と採用","thử việc","試用勤務をする","draft"
"B1","仕事・キャリア","1","就職と採用","chính thức","正式な","draft"
"B1","仕事・キャリア","1","就職と採用","bán thời gian","パートタイムの","draft"
"B1","仕事・キャリア","1","就職と採用","toàn thời gian","フルタイムの","draft"
"B1","仕事・キャリア","1","就職と採用","mức lương","給与水準","draft"
"B1","仕事・キャリア","1","就職と採用","đãi ngộ","待遇","draft"
"B1","仕事・キャリア","1","就職と採用","cơ hội","機会","legacy-match"
"B1","仕事・キャリア","1","就職と採用","thăng tiến","昇進する","draft"
"B1","仕事・キャリア","2","仕事を進める","dự án","プロジェクト","draft"
"B1","仕事・キャリア","2","仕事を進める","nhiệm vụ","任務","draft"
"B1","仕事・キャリア","2","仕事を進める","trách nhiệm","責任","legacy-match"
"B1","仕事・キャリア","2","仕事を進める","mục tiêu","目標","legacy-match"
"B1","仕事・キャリア","2","仕事を進める","thời hạn","期限","draft"
"B1","仕事・キャリア","2","仕事を進める","tiến độ","進み具合","legacy-match"
"B1","仕事・キャリア","2","仕事を進める","báo cáo","報告する・報告書","legacy-match"
"B1","仕事・キャリア","2","仕事を進める","thảo luận","話し合う","draft"
"B1","仕事・キャリア","2","仕事を進める","đề xuất","提案する","draft"
"B1","仕事・キャリア","2","仕事を進める","quyết định","決定する","legacy-match"
"B1","仕事・キャリア","2","仕事を進める","giải quyết","解決する","draft"
"B1","仕事・キャリア","2","仕事を進める","phân công","仕事を分担させる","draft"
"B1","仕事・キャリア","2","仕事を進める","hợp tác","協力する","draft"
"B1","仕事・キャリア","2","仕事を進める","hỗ trợ","支援する","draft"
"B1","仕事・キャリア","2","仕事を進める","quản lý","管理する","draft"
"B1","仕事・キャリア","2","仕事を進める","tổ chức","組織する","draft"
"B1","仕事・キャリア","2","仕事を進める","sắp xếp","配置・段取りをする","draft"
"B1","仕事・キャリア","2","仕事を進める","kiểm soát","コントロールする","draft"
"B1","仕事・キャリア","2","仕事を進める","theo dõi","経過を追う","draft"
"B1","仕事・キャリア","2","仕事を進める","đánh giá","評価する","draft"
"B1","仕事・キャリア","3","職場のやり取り","ý kiến","意見","legacy-match"
"B1","仕事・キャリア","3","職場のやり取り","phản hồi","フィードバック","legacy-match"
"B1","仕事・キャリア","3","職場のやり取り","thông báo","知らせ・通知する","legacy-match"
"B1","仕事・キャリア","3","職場のやり取り","xác nhận","確認して認める","draft"
"B1","仕事・キャリア","3","職場のやり取り","đồng ý","同意する","legacy-match"
"B1","仕事・キャリア","3","職場のやり取り","từ chối","断る","draft"
"B1","仕事・キャリア","3","職場のやり取り","chấp nhận","受け入れる","draft"
"B1","仕事・キャリア","3","職場のやり取り","yêu cầu thêm","追加を求める","draft"
"B1","仕事・キャリア","3","職場のやり取り","xin phép","許可を求める","draft"
"B1","仕事・キャリア","3","職場のやり取り","hoãn","延期する","draft"
"B1","仕事・キャリア","3","職場のやり取り","hủy","取り消す","draft"
"B1","仕事・キャリア","3","職場のやり取り","thay đổi","変更する","legacy-match"
"B1","仕事・キャリア","3","職場のやり取り","bổ sung","補足する","draft"
"B1","仕事・キャリア","3","職場のやり取り","cập nhật","更新する","legacy-match"
"B1","仕事・キャリア","3","職場のやり取り","giao tiếp","コミュニケーションを取る","draft"
"B1","仕事・キャリア","3","職場のやり取り","trao đổi","情報・意見を交わす","draft"
"B1","仕事・キャリア","3","職場のやり取り","bàn giao","引き継ぐ","draft"
"B1","仕事・キャリア","3","職場のやり取り","thuyết trình","プレゼンする","draft"
"B1","仕事・キャリア","3","職場のやり取り","cuộc gọi","電話の通話","draft"
"B1","仕事・キャリア","3","職場のやり取り","biên bản","議事録・調書","draft"
"B1","学び・成長","1","教育と学習法","giáo dục","教育","legacy-match"
"B1","学び・成長","1","教育と学習法","đào tạo","養成・研修","legacy-match"
"B1","学び・成長","1","教育と学習法","khóa học","講座","draft"
"B1","学び・成長","1","教育と学習法","chương trình","プログラム","draft"
"B1","学び・成長","1","教育と学習法","chuyên ngành","専攻","draft"
"B1","学び・成長","1","教育と学習法","kiến thức","知識","draft"
"B1","学び・成長","1","教育と学習法","lý thuyết","理論","draft"
"B1","学び・成長","1","教育と学習法","thực hành","実習する","draft"
"B1","学び・成長","1","教育と学習法","phương pháp","方法","draft"
"B1","学び・成長","1","教育と学習法","tự học","独学する","draft"
"B1","学び・成長","1","教育と学習法","tập trung","集中する","draft"
"B1","学び・成長","1","教育と学習法","ghi nhớ","記憶する","draft"
"B1","学び・成長","1","教育と学習法","áp dụng","適用する","draft"
"B1","学び・成長","1","教育と学習法","phân tích","分析する","draft"
"B1","学び・成長","1","教育と学習法","so sánh","比較する","draft"
"B1","学び・成長","1","教育と学習法","tóm tắt","要約する","draft"
"B1","学び・成長","1","教育と学習法","nghiên cứu","研究する","draft"
"B1","学び・成長","1","教育と学習法","tài liệu tham khảo","参考資料","draft"
"B1","学び・成長","1","教育と学習法","nguồn","情報源・源","draft"
"B1","学び・成長","1","教育と学習法","bài giảng","講義","draft"
"B1","学び・成長","2","試験と進路","thi đỗ","試験に合格する","draft"
"B1","学び・成長","2","試験と進路","thi trượt","試験に落ちる","draft"
"B1","学び・成長","2","試験と進路","học bổng","奨学金","draft"
"B1","学び・成長","2","試験と進路","học phí","授業料","draft"
"B1","学び・成長","2","試験と進路","chứng chỉ","資格証明書","draft"
"B1","学び・成長","2","試験と進路","bằng tốt nghiệp","卒業証書","draft"
"B1","学び・成長","2","試験と進路","luận văn","学位論文","draft"
"B1","学び・成長","2","試験と進路","đề thi","試験問題","draft"
"B1","学び・成長","2","試験と進路","đáp án","解答","draft"
"B1","学び・成長","2","試験と進路","điểm trung bình","平均点","draft"
"B1","学び・成長","2","試験と進路","xếp loại","評価区分を付ける","draft"
"B1","学び・成長","2","試験と進路","nộp đơn","申請書を出す","draft"
"B1","学び・成長","2","試験と進路","đăng ký","登録する","draft"
"B1","学び・成長","2","試験と進路","nhập học","入学する","draft"
"B1","学び・成長","2","試験と進路","du học","留学する","draft"
"B1","学び・成長","2","試験と進路","thực tập","実習・インターンをする","draft"
"B1","学び・成長","2","試験と進路","nghiên cứu sinh","博士課程の学生","draft"
"B1","学び・成長","2","試験と進路","giảng viên","大学の教員","draft"
"B1","学び・成長","2","試験と進路","cố vấn","アドバイザー","draft"
"B1","学び・成長","2","試験と進路","định hướng","方向を定める","draft"
"B1","学び・成長","3","能力と挑戦","cố gắng","努力する","legacy-match"
"B1","学び・成長","3","能力と挑戦","nỗ lực","尽力する","draft"
"B1","学び・成長","3","能力と挑戦","kiên trì","粘り強く続ける","draft"
"B1","学び・成長","3","能力と挑戦","cải thiện","改善する","legacy-match"
"B1","学び・成長","3","能力と挑戦","phát triển","発展する","legacy-match"
"B1","学び・成長","3","能力と挑戦","đạt được","達成する","draft"
"B1","学び・成長","3","能力と挑戦","thành công","成功する","draft"
"B1","学び・成長","3","能力と挑戦","thất bại","失敗する","draft"
"B1","学び・成長","3","能力と挑戦","thử thách","挑戦・試練","draft"
"B1","学び・成長","3","能力と挑戦","khó khăn","困難","draft"
"B1","学び・成長","3","能力と挑戦","thuận lợi","都合がよい・有利な","draft"
"B1","学び・成長","3","能力と挑戦","ưu điểm","長所","draft"
"B1","学び・成長","3","能力と挑戦","nhược điểm","短所","draft"
"B1","学び・成長","3","能力と挑戦","điểm mạnh","強み","draft"
"B1","学び・成長","3","能力と挑戦","điểm yếu","弱み","draft"
"B1","学び・成長","3","能力と挑戦","sáng tạo","創造的な","draft"
"B1","学び・成長","3","能力と挑戦","linh hoạt","柔軟な","draft"
"B1","学び・成長","3","能力と挑戦","chủ động","主体的な","draft"
"B1","学び・成長","3","能力と挑戦","tự lập","自立した","draft"
"B1","学び・成長","3","能力と挑戦","tò mò","好奇心が強い","draft"
"B1","人間関係・感情","1","人とのつながり","mối quan hệ","人間関係","draft"
"B1","人間関係・感情","1","人とのつながり","tình bạn","友情","draft"
"B1","人間関係・感情","1","人とのつながり","tình yêu","愛情・恋愛","draft"
"B1","人間関係・感情","1","人とのつながり","người yêu","恋人","draft"
"B1","人間関係・感情","1","人とのつながり","hẹn hò","デートする","draft"
"B1","人間関係・感情","1","人とのつながり","kết hôn","結婚する","draft"
"B1","人間関係・感情","1","人とのつながり","ly hôn","離婚する","draft"
"B1","人間関係・感情","1","人とのつながり","đám cưới","結婚式","draft"
"B1","人間関係・感情","1","人とのつながり","vợ chồng","夫婦","draft"
"B1","人間関係・感情","1","人とのつながり","họ hàng","親戚","draft"
"B1","人間関係・感情","1","人とのつながり","người thân","身内","draft"
"B1","人間関係・感情","1","人とのつながり","đồng hương","同郷の人","draft"
"B1","人間関係・感情","1","人とのつながり","bạn thân","親友","draft"
"B1","人間関係・感情","1","人とのつながり","bạn đời","人生の伴侶","draft"
"B1","人間関係・感情","1","人とのつながり","thăm hỏi","訪ねて様子を尋ねる","draft"
"B1","人間関係・感情","1","人とのつながり","chia sẻ","分かち合う","legacy-match"
"B1","人間関係・感情","1","人とのつながり","giữ liên lạc","連絡を取り続ける","draft"
"B1","人間関係・感情","1","人とのつながり","gắn bó","強く結びつく","draft"
"B1","人間関係・感情","1","人とのつながり","xa cách","離れ離れの","draft"
"B1","人間関係・感情","1","人とのつながり","đoàn tụ","再会して一緒になる","draft"
"B1","人間関係・感情","2","感情を詳しく表す","tự hào","誇りに思う","draft"
"B1","人間関係・感情","2","感情を詳しく表す","biết ơn","感謝している","draft"
"B1","人間関係・感情","2","感情を詳しく表す","xúc động","感動する","draft"
"B1","人間関係・感情","2","感情を詳しく表す","nhớ nhung","恋しく慕う","draft"
"B1","人間関係・感情","2","感情を詳しく表す","thương","いとおしく思う","draft"
"B1","人間関係・感情","2","感情を詳しく表す","ghen","嫉妬する","draft"
"B1","人間関係・感情","2","感情を詳しく表す","bực mình","いらいらする","draft"
"B1","人間関係・感情","2","感情を詳しく表す","khó chịu","不快な","draft"
"B1","人間関係・感情","2","感情を詳しく表す","dễ chịu","心地よい","draft"
"B1","人間関係・感情","2","感情を詳しく表す","căng thẳng","緊張した","draft"
"B1","人間関係・感情","2","感情を詳しく表す","áp lực","プレッシャー","draft"
"B1","人間関係・感情","2","感情を詳しく表す","lo âu","不安","draft"
"B1","人間関係・感情","2","感情を詳しく表す","sợ hãi","恐怖を感じる","draft"
"B1","人間関係・感情","2","感情を詳しく表す","yên tâm","安心する","draft"
"B1","人間関係・感情","2","感情を詳しく表す","an ủi","慰める","draft"
"B1","人間関係・感情","2","感情を詳しく表す","động viên","励ます","draft"
"B1","人間関係・感情","2","感情を詳しく表す","thông cảm","事情を理解して思いやる","draft"
"B1","人間関係・感情","2","感情を詳しく表す","tha thứ","許す","draft"
"B1","人間関係・感情","2","感情を詳しく表す","hối hận","後悔する","draft"
"B1","人間関係・感情","2","感情を詳しく表す","tiếc","惜しむ・残念に思う","draft"
"B1","人間関係・感情","3","性格と振る舞い","trung thực","誠実な","draft"
"B1","人間関係・感情","3","性格と振る舞い","khiêm tốn","謙虚な","draft"
"B1","人間関係・感情","3","性格と振る舞い","tự cao","うぬぼれた","draft"
"B1","人間関係・感情","3","性格と振る舞い","ích kỷ","利己的な","draft"
"B1","人間関係・感情","3","性格と振る舞い","hào phóng","気前がよい","draft"
"B1","人間関係・感情","3","性格と振る舞い","tiết kiệm","倹約する","legacy-match"
"B1","人間関係・感情","3","性格と振る舞い","cẩn thận","注意深い","draft"
"B1","人間関係・感情","3","性格と振る舞い","bất cẩn","不注意な","draft"
"B1","人間関係・感情","3","性格と振る舞い","ngăn nắp","きちんと整理された","draft"
"B1","人間関係・感情","3","性格と振る舞い","bừa bộn","散らかった","draft"
"B1","人間関係・感情","3","性格と振る舞い","cởi mở","心を開いた","draft"
"B1","人間関係・感情","3","性格と振る舞い","nhút nhát","内気な","draft"
"B1","人間関係・感情","3","性格と振る舞い","nhiệt tình","熱心で親身な","draft"
"B1","人間関係・感情","3","性格と振る舞い","hòa đồng","社交的な","draft"
"B1","人間関係・感情","3","性格と振る舞い","đáng tin cậy","信頼できる","legacy-match"
"B1","人間関係・感情","3","性格と振る舞い","tôn trọng","尊重する","draft"
"B1","人間関係・感情","3","性格と振る舞い","cư xử","振る舞う","draft"
"B1","人間関係・感情","3","性格と振る舞い","tranh cãi","口論する","draft"
"B1","人間関係・感情","3","性格と振る舞い","lắng nghe","耳を傾ける","draft"
"B1","人間関係・感情","3","性格と振る舞い","nhường","譲る","draft"
"B1","社会・地域","1","地域の暮らし","cộng đồng","地域社会・共同体","legacy-match"
"B1","社会・地域","1","地域の暮らし","xã hội","社会","draft"
"B1","社会・地域","1","地域の暮らし","dân cư","住民集団","draft"
"B1","社会・地域","1","地域の暮らし","dân số","人口","draft"
"B1","社会・地域","1","地域の暮らし","thành thị","都市部","draft"
"B1","社会・地域","1","地域の暮らし","nông thôn","農村部","draft"
"B1","社会・地域","1","地域の暮らし","khu phố","街区","draft"
"B1","社会・地域","1","地域の暮らし","khu dân cư","住宅地域","draft"
"B1","社会・地域","1","地域の暮らし","tổ dân phố","地域住民組織","draft"
"B1","社会・地域","1","地域の暮らし","ủy ban","委員会","draft"
"B1","社会・地域","1","地域の暮らし","cơ quan","機関","draft"
"B1","社会・地域","1","地域の暮らし","chính quyền","行政当局","draft"
"B1","社会・地域","1","地域の暮らし","công cộng","公共の","draft"
"B1","社会・地域","1","地域の暮らし","cơ sở","施設・基盤","draft"
"B1","社会・地域","1","地域の暮らし","hạ tầng","インフラ","draft"
"B1","社会・地域","1","地域の暮らし","chiếu sáng","照明を当てる","draft"
"B1","社会・地域","1","地域の暮らし","cấp nước","給水する","draft"
"B1","社会・地域","1","地域の暮らし","thoát nước","排水する","draft"
"B1","社会・地域","1","地域の暮らし","vệ sinh","衛生","draft"
"B1","社会・地域","1","地域の暮らし","trật tự","秩序","draft"
"B1","社会・地域","2","環境を守る","môi trường","環境","legacy-match"
"B1","社会・地域","2","環境を守る","bảo vệ","守る","draft"
"B1","社会・地域","2","環境を守る","rác thải","廃棄物","draft"
"B1","社会・地域","2","環境を守る","tái chế","リサイクルする","legacy-match"
"B1","社会・地域","2","環境を守る","phân loại","分類する","draft"
"B1","社会・地域","2","環境を守る","nhựa","プラスチック","draft"
"B1","社会・地域","2","環境を守る","túi vải","布製バッグ","draft"
"B1","社会・地域","2","環境を守る","khí thải","排出ガス","draft"
"B1","社会・地域","2","環境を守る","nước thải","排水・廃水","draft"
"B1","社会・地域","2","環境を守る","tiếng ồn","騒音","draft"
"B1","社会・地域","2","環境を守る","năng lượng","エネルギー","draft"
"B1","社会・地域","2","環境を守る","tài nguyên","資源","draft"
"B1","社会・地域","2","環境を守る","thiên nhiên","自然","draft"
"B1","社会・地域","2","環境を守る","động vật","動物","draft"
"B1","社会・地域","2","環境を守る","thực vật","植物","draft"
"B1","社会・地域","2","環境を守る","trồng cây","植樹する","draft"
"B1","社会・地域","2","環境を守る","chặt cây","木を切る","draft"
"B1","社会・地域","2","環境を守る","bảo tồn","保全する","draft"
"B1","社会・地域","2","環境を守る","biến đổi khí hậu","気候変動","legacy-match"
"B1","社会・地域","2","環境を守る","nóng lên","温暖化する","draft"
"B1","社会・地域","3","社会参加と情報","hoạt động","活動","draft"
"B1","社会・地域","3","社会参加と情報","sự kiện","出来事・イベント","draft"
"B1","社会・地域","3","社会参加と情報","tình nguyện","ボランティアとして行う","draft"
"B1","社会・地域","3","社会参加と情報","từ thiện","慈善","draft"
"B1","社会・地域","3","社会参加と情報","quyên góp","寄付を集める","draft"
"B1","社会・地域","3","社会参加と情報","ủng hộ","支持・援助する","draft"
"B1","社会・地域","3","社会参加と情報","tham gia","参加する","draft"
"B1","社会・地域","3","社会参加と情報","thành viên","メンバー","draft"
"B1","社会・地域","3","社会参加と情報","nhóm","グループ","draft"
"B1","社会・地域","3","社会参加と情報","hội","会・協会","draft"
"B1","社会・地域","3","社会参加と情報","chiến dịch","キャンペーン","draft"
"B1","社会・地域","3","社会参加と情報","thông tin","情報","draft"
"B1","社会・地域","3","社会参加と情報","tin tức","ニュース","legacy-match"
"B1","社会・地域","3","社会参加と情報","báo chí","新聞・報道界","draft"
"B1","社会・地域","3","社会参加と情報","bài báo","新聞記事","draft"
"B1","社会・地域","3","社会参加と情報","tạp chí","雑誌","draft"
"B1","社会・地域","3","社会参加と情報","truyền hình","テレビ放送","draft"
"B1","社会・地域","3","社会参加と情報","phát thanh","ラジオ放送","draft"
"B1","社会・地域","3","社会参加と情報","sự thật","事実・真実","draft"
"B1","社会・地域","3","社会参加と情報","tin đồn","うわさ","draft"
"B1","お金・取引","1","お金を管理する","tài chính","財政・金融","draft"
"B1","お金・取引","1","お金を管理する","thu nhập","収入","draft"
"B1","お金・取引","1","お金を管理する","chi phí","費用","draft"
"B1","お金・取引","1","お金を管理する","chi tiêu","支出する","draft"
"B1","お金・取引","1","お金を管理する","ngân sách","予算","draft"
"B1","お金・取引","1","お金を管理する","tiền tiết kiệm","貯蓄","draft"
"B1","お金・取引","1","お金を管理する","tài khoản ngân hàng","銀行口座","draft"
"B1","お金・取引","1","お金を管理する","số dư","残高","draft"
"B1","お金・取引","1","お金を管理する","chuyển khoản","銀行振込をする","draft"
"B1","お金・取引","1","お金を管理する","rút tiền","現金を引き出す","draft"
"B1","お金・取引","1","お金を管理する","gửi tiền","入金・送金する","draft"
"B1","お金・取引","1","お金を管理する","vay","借りる（金銭）","draft"
"B1","お金・取引","1","お金を管理する","cho vay","貸す（金銭）","draft"
"B1","お金・取引","1","お金を管理する","nợ","借金","draft"
"B1","お金・取引","1","お金を管理する","lãi suất","利率","draft"
"B1","お金・取引","1","お金を管理する","kỳ hạn","所定の期間","draft"
"B1","お金・取引","1","お金を管理する","trả góp","分割払いする","draft"
"B1","お金・取引","1","お金を管理する","ngoại tệ","外国通貨","draft"
"B1","お金・取引","1","お金を管理する","tỷ giá","為替レート","draft"
"B1","お金・取引","1","お金を管理する","biên lai","領収書","draft"
"B1","お金・取引","2","買い物と配送","đơn hàng","注文","draft"
"B1","お金・取引","2","買い物と配送","đặt hàng","商品を注文する","draft"
"B1","お金・取引","2","買い物と配送","giỏ hàng","買い物かご","draft"
"B1","お金・取引","2","買い物と配送","sản phẩm","製品","draft"
"B1","お金・取引","2","買い物と配送","hàng hóa","商品・貨物","draft"
"B1","お金・取引","2","買い物と配送","thương hiệu","ブランド","draft"
"B1","お金・取引","2","買い物と配送","nhãn hiệu","商標","draft"
"B1","お金・取引","2","買い物と配送","xuất xứ","原産地","draft"
"B1","お金・取引","2","買い物と配送","bảo hành","製品保証","draft"
"B1","お金・取引","2","買い物と配送","hạn sử dụng","使用期限","draft"
"B1","お金・取引","2","買い物と配送","giao hàng","配達する","draft"
"B1","お金・取引","2","買い物と配送","vận chuyển","輸送する","draft"
"B1","お金・取引","2","買い物と配送","phí vận chuyển","送料","draft"
"B1","お金・取引","2","買い物と配送","bưu kiện","小包","draft"
"B1","お金・取引","2","買い物と配送","người nhận","受取人","draft"
"B1","お金・取引","2","買い物と配送","người gửi","差出人","draft"
"B1","お金・取引","2","買い物と配送","đóng gói","梱包する","draft"
"B1","お金・取引","2","買い物と配送","kiểm hàng","商品を検品する","draft"
"B1","お金・取引","2","買い物と配送","hoàn tiền","返金する","draft"
"B1","お金・取引","2","買い物と配送","khiếu nại","苦情を申し立てる","draft"
"B1","お金・取引","3","店とサービス","khách hàng","顧客","draft"
"B1","お金・取引","3","店とサービス","nhân viên bán hàng","販売スタッフ","draft"
"B1","お金・取引","3","店とサービス","chăm sóc khách hàng","顧客対応","draft"
"B1","お金・取引","3","店とサービス","tư vấn","相談に応じる","draft"
"B1","お金・取引","3","店とサービス","giới thiệu sản phẩm","商品を紹介する","draft"
"B1","お金・取引","3","店とサービス","trưng bày","陳列する","draft"
"B1","お金・取引","3","店とサービス","quầy","カウンター・売り場","draft"
"B1","お金・取引","3","店とサービス","kho hàng","倉庫","draft"
"B1","お金・取引","3","店とサービス","hết hàng","品切れの","draft"
"B1","お金・取引","3","店とサービス","còn hàng","在庫がある","draft"
"B1","お金・取引","3","店とサービス","mẫu","見本・モデル","draft"
"B1","お金・取引","3","店とサービス","đặt trước","事前予約する","draft"
"B1","お金・取引","3","店とサービス","ưu đãi","優遇・特典","draft"
"B1","お金・取引","3","店とサービス","phiếu giảm giá","割引券","draft"
"B1","お金・取引","3","店とサービス","thẻ thành viên","会員カード","draft"
"B1","お金・取引","3","店とサービス","tích điểm","ポイントを貯める","draft"
"B1","お金・取引","3","店とサービス","đổi trả","交換・返品","draft"
"B1","お金・取引","3","店とサービス","hàng giả","偽造品","draft"
"B1","お金・取引","3","店とサービス","hàng thật","本物の商品","draft"
"B1","お金・取引","3","店とサービス","uy tín","信用・評判","draft"
"B1","健康・安全","1","受診と治療","triệu chứng","症状","draft"
"B1","健康・安全","1","受診と治療","chẩn đoán","診断する","draft"
"B1","健康・安全","1","受診と治療","điều trị","治療する","draft"
"B1","健康・安全","1","受診と治療","khám sức khỏe","健康診断を受ける","draft"
"B1","健康・安全","1","受診と治療","xét nghiệm","検体検査","draft"
"B1","健康・安全","1","受診と治療","chụp X-quang","X線撮影をする","draft"
"B1","健康・安全","1","受診と治療","siêu âm","超音波検査","draft"
"B1","健康・安全","1","受診と治療","tiêm","注射する","draft"
"B1","健康・安全","1","受診と治療","vắc xin","ワクチン","draft"
"B1","健康・安全","1","受診と治療","kháng sinh","抗生物質","draft"
"B1","健康・安全","1","受診と治療","thuốc giảm đau","鎮痛薬","draft"
"B1","健康・安全","1","受診と治療","tác dụng phụ","副作用","draft"
"B1","健康・安全","1","受診と治療","liều lượng","用量","draft"
"B1","健康・安全","1","受診と治療","bảo hiểm y tế","健康保険","draft"
"B1","健康・安全","1","受診と治療","phòng khám","診療所","draft"
"B1","健康・安全","1","受診と治療","nha sĩ","歯科医","draft"
"B1","健康・安全","1","受診と治療","đặt lịch","日時を予約する","draft"
"B1","健康・安全","1","受診と治療","lịch khám","診察予定","draft"
"B1","健康・安全","1","受診と治療","tái khám","再診を受ける","draft"
"B1","健康・安全","1","受診と治療","hồi phục","回復する","draft"
"B1","健康・安全","2","体調と生活習慣","dinh dưỡng","栄養","draft"
"B1","健康・安全","2","体調と生活習慣","chế độ ăn","食生活・食事療法","draft"
"B1","健康・安全","2","体調と生活習慣","chất đạm","たんぱく質","draft"
"B1","健康・安全","2","体調と生活習慣","chất béo","脂質","draft"
"B1","健康・安全","2","体調と生活習慣","chất xơ","食物繊維","draft"
"B1","健康・安全","2","体調と生活習慣","vitamin","ビタミン","draft"
"B1","健康・安全","2","体調と生活習慣","dịch bệnh","流行病","draft"
"B1","健康・安全","2","体調と生活習慣","cảm cúm","かぜ・インフルエンザ","draft"
"B1","健康・安全","2","体調と生活習慣","tiêu chảy","下痢","draft"
"B1","健康・安全","2","体調と生活習慣","táo bón","便秘","draft"
"B1","健康・安全","2","体調と生活習慣","mất ngủ","不眠","draft"
"B1","健康・安全","2","体調と生活習慣","huyết áp","血圧","draft"
"B1","健康・安全","2","体調と生活習慣","nhịp tim","心拍","draft"
"B1","健康・安全","2","体調と生活習慣","cân bằng","バランスを取る","draft"
"B1","健康・安全","2","体調と生活習慣","thừa cân","体重超過の","draft"
"B1","健康・安全","2","体調と生活習慣","giảm cân","減量する","draft"
"B1","健康・安全","2","体調と生活習慣","tăng cân","体重が増える","draft"
"B1","健康・安全","2","体調と生活習慣","hút thuốc","喫煙する","draft"
"B1","健康・安全","2","体調と生活習慣","bỏ thuốc","禁煙する","draft"
"B1","健康・安全","2","体調と生活習慣","vận động","体を動かす","draft"
"B1","健康・安全","3","緊急時と安全","tai nạn","事故","draft"
"B1","健康・安全","3","緊急時と安全","va chạm","衝突する","draft"
"B1","健康・安全","3","緊急時と安全","bị thương","けがをする","draft"
"B1","健康・安全","3","緊急時と安全","chảy máu","出血する","draft"
"B1","健康・安全","3","緊急時と安全","ngất","気を失う","draft"
"B1","健康・安全","3","緊急時と安全","sơ cứu","応急手当","draft"
"B1","健康・安全","3","緊急時と安全","xe cứu thương","救急車","draft"
"B1","健康・安全","3","緊急時と安全","cứu","救助する","draft"
"B1","健康・安全","3","緊急時と安全","cháy","燃える・火事","draft"
"B1","健康・安全","3","緊急時と安全","bình chữa cháy","消火器","draft"
"B1","健康・安全","3","緊急時と安全","thoát hiểm","危険から脱出する","draft"
"B1","健康・安全","3","緊急時と安全","lối thoát hiểm","非常口","draft"
"B1","健康・安全","3","緊急時と安全","khẩn cấp","緊急の","draft"
"B1","健康・安全","3","緊急時と安全","cảnh báo","警告する","draft"
"B1","健康・安全","3","緊急時と安全","đề phòng","用心する","draft"
"B1","健康・安全","3","緊急時と安全","mất cắp","盗難に遭う","draft"
"B1","健康・安全","3","緊急時と安全","trộm","盗む・泥棒","draft"
"B1","健康・安全","3","緊急時と安全","báo cảnh sát","警察に通報する","draft"
"B1","健康・安全","3","緊急時と安全","số khẩn cấp","緊急電話番号","draft"
"B1","健康・安全","3","緊急時と安全","tìm kiếm","捜索する","draft"
"B1","旅・体験","1","旅を深める","khám phá","探検・発見する","draft"
"B1","旅・体験","1","旅を深める","trải nghiệm","体験する","draft"
"B1","旅・体験","1","旅を深める","hành trình","旅の道のり","draft"
"B1","旅・体験","1","旅を深める","điểm tham quan","観光スポット","draft"
"B1","旅・体験","1","旅を深める","di sản","遺産","draft"
"B1","旅・体験","1","旅を深める","danh lam thắng cảnh","名勝地","draft"
"B1","旅・体験","1","旅を深める","đặc sản","特産品","draft"
"B1","旅・体験","1","旅を深める","ẩm thực","食文化","draft"
"B1","旅・体験","1","旅を深める","phong tục","風習","draft"
"B1","旅・体験","1","旅を深める","tập quán","慣習","draft"
"B1","旅・体験","1","旅を深める","bản sắc","独自性・アイデンティティ","legacy-match"
"B1","旅・体験","1","旅を深める","địa phương","地方・現地","draft"
"B1","旅・体験","1","旅を深める","người bản địa","地元の人・先住民","draft"
"B1","旅・体験","1","旅を深める","lưu trú","滞在する","draft"
"B1","旅・体験","1","旅を深める","nhà nghỉ","簡易宿泊施設","draft"
"B1","旅・体験","1","旅を深める","khu nghỉ dưỡng","リゾート施設","draft"
"B1","旅・体験","1","旅を深める","lều","テント","draft"
"B1","旅・体験","1","旅を深める","túi ngủ","寝袋","draft"
"B1","旅・体験","1","旅を深める","đường mòn","踏み分け道","draft"
"B1","旅・体験","1","旅を深める","chuyến tham quan","観光ツアー","draft"
"B1","旅・体験","2","旅のトラブル","trễ","遅れる","draft"
"B1","旅・体験","2","旅のトラブル","chậm chuyến","運行が遅れる","draft"
"B1","旅・体験","2","旅のトラブル","hủy chuyến","欠航・運休する","draft"
"B1","旅・体験","2","旅のトラブル","lạc đường","道に迷う","draft"
"B1","旅・体験","2","旅のトラブル","thất lạc","紛失する","draft"
"B1","旅・体験","2","旅のトラブル","mất hành lý","荷物を紛失する","draft"
"B1","旅・体験","2","旅のトラブル","hết chỗ","満席・満室の","draft"
"B1","旅・体験","2","旅のトラブル","quá cảnh","乗り継ぎで立ち寄る","draft"
"B1","旅・体験","2","旅のトラブル","nhập cảnh","入国する","draft"
"B1","旅・体験","2","旅のトラブル","xuất cảnh","出国する","draft"
"B1","旅・体験","2","旅のトラブル","gia hạn","期限を延長する","draft"
"B1","旅・体験","2","旅のトラブル","đại sứ quán","大使館","draft"
"B1","旅・体験","2","旅のトラブル","lãnh sự quán","領事館","draft"
"B1","旅・体験","2","旅のトラブル","giấy tờ","証明書類","draft"
"B1","旅・体験","2","旅のトラブル","bản sao","写し・コピー","draft"
"B1","旅・体験","2","旅のトラブル","bản gốc","原本","draft"
"B1","旅・体験","2","旅のトラブル","dịch vụ hỗ trợ","支援サービス","draft"
"B1","旅・体験","2","旅のトラブル","đền bù","損害を補償する","draft"
"B1","旅・体験","2","旅のトラブル","say xe","乗り物酔いをする","draft"
"B1","旅・体験","2","旅のトラブル","sự cố","予期しない不具合","draft"
"B1","旅・体験","3","地理と風景","đồng bằng","平野","draft"
"B1","旅・体験","3","地理と風景","cao nguyên","高原","draft"
"B1","旅・体験","3","地理と風景","thung lũng","谷","draft"
"B1","旅・体験","3","地理と風景","bờ biển","海岸","draft"
"B1","旅・体験","3","地理と風景","bờ sông","川岸","draft"
"B1","旅・体験","3","地理と風景","vịnh","湾","draft"
"B1","旅・体験","3","地理と風景","bán đảo","半島","draft"
"B1","旅・体験","3","地理と風景","quần đảo","諸島","draft"
"B1","旅・体験","3","地理と風景","biên giới","国境","draft"
"B1","旅・体験","3","地理と風景","lãnh thổ","領土","draft"
"B1","旅・体験","3","地理と風景","thủ đô","首都","draft"
"B1","旅・体験","3","地理と風景","tỉnh","省（行政区）","draft"
"B1","旅・体験","3","地理と風景","huyện","県（行政区）","draft"
"B1","旅・体験","3","地理と風景","xã","村・社（行政区）","draft"
"B1","旅・体験","3","地理と風景","miền Bắc","北部地方","draft"
"B1","旅・体験","3","地理と風景","miền Trung","中部地方","draft"
"B1","旅・体験","3","地理と風景","miền Nam","南部地方","draft"
"B1","旅・体験","3","地理と風景","phía đông","東側","draft"
"B1","旅・体験","3","地理と風景","phía tây","西側","draft"
"B1","旅・体験","3","地理と風景","khí hậu","気候","draft"
"B1","技術・デジタル","1","端末と操作","thiết bị","機器","draft"
"B1","技術・デジタル","1","端末と操作","phần mềm","ソフトウェア","draft"
"B1","技術・デジタル","1","端末と操作","phần cứng","ハードウェア","draft"
"B1","技術・デジタル","1","端末と操作","hệ điều hành","OS","draft"
"B1","技術・デジタル","1","端末と操作","trình duyệt","ブラウザー","draft"
"B1","技術・デジタル","1","端末と操作","tệp","ファイル","draft"
"B1","技術・デジタル","1","端末と操作","thư mục","フォルダー","draft"
"B1","技術・デジタル","1","端末と操作","dữ liệu","データ","draft"
"B1","技術・デジタル","1","端末と操作","bộ nhớ","メモリー","draft"
"B1","技術・デジタル","1","端末と操作","dung lượng","容量","draft"
"B1","技術・デジタル","1","端末と操作","cài đặt","インストール・設定する","draft"
"B1","技術・デジタル","1","端末と操作","khởi động","起動する","draft"
"B1","技術・デジタル","1","端末と操作","khởi động lại","再起動する","draft"
"B1","技術・デジタル","1","端末と操作","nâng cấp","アップグレードする","draft"
"B1","技術・デジタル","1","端末と操作","sao lưu","バックアップする","draft"
"B1","技術・デジタル","1","端末と操作","khôi phục","復元する","draft"
"B1","技術・デジタル","1","端末と操作","lỗi","エラー","draft"
"B1","技術・デジタル","1","端末と操作","sửa lỗi","不具合を修正する","draft"
"B1","技術・デジタル","1","端末と操作","tốc độ","速度","draft"
"B1","技術・デジタル","1","端末と操作","tín hiệu","信号","draft"
"B1","技術・デジタル","2","ネットの利用","mạng xã hội","SNS","draft"
"B1","技術・デジタル","2","ネットの利用","bài đăng","投稿","draft"
"B1","技術・デジタル","2","ネットの利用","bình luận","コメント","draft"
"B1","技術・デジタル","2","ネットの利用","người theo dõi","フォロワー","draft"
"B1","技術・デジタル","2","ネットの利用","lượt xem","閲覧回数","draft"
"B1","技術・デジタル","2","ネットの利用","phát trực tiếp","ライブ配信する","draft"
"B1","技術・デジタル","2","ネットの利用","video","動画","draft"
"B1","技術・デジタル","2","ネットの利用","âm thanh","音声","draft"
"B1","技術・デジタル","2","ネットの利用","hình ảnh","画像","draft"
"B1","技術・デジタル","2","ネットの利用","quảng cáo","広告","draft"
"B1","技術・デジタル","2","ネットの利用","tìm trên mạng","ネットで検索する","draft"
"B1","技術・デジタル","2","ネットの利用","công cụ tìm kiếm","検索エンジン","draft"
"B1","技術・デジタル","2","ネットの利用","từ khóa","キーワード","draft"
"B1","技術・デジタル","2","ネットの利用","thông báo đẩy","プッシュ通知","draft"
"B1","技術・デジタル","2","ネットの利用","đính kèm","添付する","draft"
"B1","技術・デジタル","2","ネットの利用","chuyển tiếp","転送する","draft"
"B1","技術・デジタル","2","ネットの利用","hộp thư","メールボックス","draft"
"B1","技術・デジタル","2","ネットの利用","thư rác","迷惑メール","draft"
"B1","技術・デジタル","2","ネットの利用","cuộc gọi video","ビデオ通話","draft"
"B1","技術・デジタル","2","ネットの利用","trực tuyến","オンラインの","draft"
"B1","技術・デジタル","3","ネットの安全","bảo mật","機密・セキュリティ保護","draft"
"B1","技術・デジタル","3","ネットの安全","quyền riêng tư","プライバシー","draft"
"B1","技術・デジタル","3","ネットの安全","thông tin cá nhân","個人情報","draft"
"B1","技術・デジタル","3","ネットの安全","mã xác nhận","確認コード","draft"
"B1","技術・デジタル","3","ネットの安全","xác thực","認証する","draft"
"B1","技術・デジタル","3","ネットの安全","đăng ký tài khoản","アカウントを作成する","draft"
"B1","技術・デジタル","3","ネットの安全","điều khoản","条項・利用条件","draft"
"B1","技術・デジタル","3","ネットの安全","quyền truy cập","アクセス権","draft"
"B1","技術・デジタル","3","ネットの安全","cho phép","許可する","draft"
"B1","技術・デジタル","3","ネットの安全","chặn","ブロックする","draft"
"B1","技術・デジタル","3","ネットの安全","lừa đảo","詐欺を行う","draft"
"B1","技術・デジタル","3","ネットの安全","giả mạo","偽装する","draft"
"B1","技術・デジタル","3","ネットの安全","đường link lạ","見知らぬリンク","draft"
"B1","技術・デジタル","3","ネットの安全","vi rút","ウイルス","draft"
"B1","技術・デジタル","3","ネットの安全","mật khẩu mạnh","強固なパスワード","draft"
"B1","技術・デジタル","3","ネットの安全","rò rỉ dữ liệu","データ漏えい","draft"
"B1","技術・デジタル","3","ネットの安全","đăng nhập lại","再ログインする","draft"
"B1","技術・デジタル","3","ネットの安全","mã hóa","暗号化する","draft"
"B1","技術・デジタル","3","ネットの安全","an ninh mạng","サイバーセキュリティ","draft"
"B1","技術・デジタル","3","ネットの安全","cảnh giác","警戒する","draft"
"B1","文化・余暇","1","芸術と作品","nghệ thuật","芸術","draft"
"B1","文化・余暇","1","芸術と作品","tác phẩm","作品","draft"
"B1","文化・余暇","1","芸術と作品","tác giả","著者・作者","draft"
"B1","文化・余暇","1","芸術と作品","nhà văn","作家","draft"
"B1","文化・余暇","1","芸術と作品","nhà thơ","詩人","draft"
"B1","文化・余暇","1","芸術と作品","họa sĩ","画家","draft"
"B1","文化・余暇","1","芸術と作品","nhạc sĩ","作曲家・音楽家","draft"
"B1","文化・余暇","1","芸術と作品","đạo diễn","監督","draft"
"B1","文化・余暇","1","芸術と作品","sân khấu","舞台","draft"
"B1","文化・余暇","1","芸術と作品","buổi biểu diễn","公演","draft"
"B1","文化・余暇","1","芸術と作品","triển lãm","展覧会","draft"
"B1","文化・余暇","1","芸術と作品","buổi hòa nhạc","コンサート","draft"
"B1","文化・余暇","1","芸術と作品","khán giả","観客","draft"
"B1","文化・余暇","1","芸術と作品","nhân vật","登場人物","draft"
"B1","文化・余暇","1","芸術と作品","cốt truyện","物語の筋","draft"
"B1","文化・余暇","1","芸術と作品","tiểu thuyết","小説","draft"
"B1","文化・余暇","1","芸術と作品","truyện ngắn","短編小説","draft"
"B1","文化・余暇","1","芸術と作品","bài thơ","詩","draft"
"B1","文化・余暇","1","芸術と作品","bài hát","歌・楽曲","draft"
"B1","文化・余暇","1","芸術と作品","giai điệu","メロディー","draft"
"B1","文化・余暇","2","行事と伝統","Tết","ベトナムの旧正月","draft"
"B1","文化・余暇","2","行事と伝統","Tết Trung thu","中秋節","draft"
"B1","文化・余暇","2","行事と伝統","lễ hội","祭り","draft"
"B1","文化・余暇","2","行事と伝統","ngày lễ","祝日","draft"
"B1","文化・余暇","2","行事と伝統","truyền thống","伝統","draft"
"B1","文化・余暇","2","行事と伝統","phong bao lì xì","お年玉袋","draft"
"B1","文化・余暇","2","行事と伝統","chúc Tết","新年のあいさつをする","draft"
"B1","文化・余暇","2","行事と伝統","bánh chưng","四角いもち米のちまき","draft"
"B1","文化・余暇","2","行事と伝統","bánh tét","筒形のもち米のちまき","draft"
"B1","文化・余暇","2","行事と伝統","hoa đào","桃の花","draft"
"B1","文化・余暇","2","行事と伝統","hoa mai","黄梅の花","draft"
"B1","文化・余暇","2","行事と伝統","mâm ngũ quả","五果のお供え","draft"
"B1","文化・余暇","2","行事と伝統","tổ tiên","祖先","draft"
"B1","文化・余暇","2","行事と伝統","thờ cúng","祭って拝む","draft"
"B1","文化・余暇","2","行事と伝統","bàn thờ","祭壇","draft"
"B1","文化・余暇","2","行事と伝統","hương","線香","draft"
"B1","文化・余暇","2","行事と伝統","áo dài","アオザイ","draft"
"B1","文化・余暇","2","行事と伝統","nón lá","円すい形の葉笠","draft"
"B1","文化・余暇","2","行事と伝統","múa rối nước","水上人形劇","draft"
"B1","文化・余暇","2","行事と伝統","dân ca","民謡","draft"
"B1","文化・余暇","3","運動と競技","thể thao","スポーツ","draft"
"B1","文化・余暇","3","運動と競技","vận động viên","スポーツ選手","draft"
"B1","文化・余暇","3","運動と競技","huấn luyện viên","コーチ","draft"
"B1","文化・余暇","3","運動と競技","trọng tài","審判","draft"
"B1","文化・余暇","3","運動と競技","đội","チーム","draft"
"B1","文化・余暇","3","運動と競技","trận đấu","試合","draft"
"B1","文化・余暇","3","運動と競技","giải đấu","大会","draft"
"B1","文化・余暇","3","運動と競技","thi đấu","競技する","draft"
"B1","文化・余暇","3","運動と競技","chiến thắng","勝利","draft"
"B1","文化・余暇","3","運動と競技","thua","負ける","draft"
"B1","文化・余暇","3","運動と競技","hòa","引き分ける","draft"
"B1","文化・余暇","3","運動と競技","tỷ số","スコア","draft"
"B1","文化・余暇","3","運動と競技","ghi bàn","得点する（球技）","draft"
"B1","文化・余暇","3","運動と競技","huy chương","メダル","draft"
"B1","文化・余暇","3","運動と競技","cúp","優勝カップ","draft"
"B1","文化・余暇","3","運動と競技","sân vận động","スタジアム","draft"
"B1","文化・余暇","3","運動と競技","phòng tập","トレーニングジム","draft"
"B1","文化・余暇","3","運動と競技","khởi động cơ thể","準備運動をする","draft"
"B1","文化・余暇","3","運動と競技","giãn cơ","ストレッチする","draft"
"B1","文化・余暇","3","運動と競技","sức bền","持久力","draft"
"B1","説明・表現","1","考えを述べる","quan điểm","見解","draft"
"B1","説明・表現","1","考えを述べる","lý do","理由","legacy-match"
"B1","説明・表現","1","考えを述べる","nguyên nhân","原因","legacy-match"
"B1","説明・表現","1","考えを述べる","hậu quả","結果としての悪影響","legacy-match"
"B1","説明・表現","1","考えを述べる","ảnh hưởng","影響","legacy-match"
"B1","説明・表現","1","考えを述べる","vấn đề","問題","draft"
"B1","説明・表現","1","考えを述べる","giải pháp","解決策","legacy-match"
"B1","説明・表現","1","考えを述べる","lựa chọn","選択肢・選ぶこと","draft"
"B1","説明・表現","1","考えを述べる","quyền lợi","権益","draft"
"B1","説明・表現","1","考えを述べる","lợi ích","利益・メリット","legacy-match"
"B1","説明・表現","1","考えを述べる","bất lợi","不利な点","draft"
"B1","説明・表現","1","考えを述べる","chứng minh","証明する","draft"
"B1","説明・表現","1","考えを述べる","khẳng định","断言する","draft"
"B1","説明・表現","1","考えを述べる","phủ nhận","否定する","draft"
"B1","説明・表現","1","考えを述べる","đề nghị","申し出・要請する","legacy-match"
"B1","説明・表現","1","考えを述べる","khuyên","助言する","draft"
"B1","説明・表現","1","考えを述べる","thuyết phục","説得する","draft"
"B1","説明・表現","1","考えを述べる","giả sử","仮に～とする","draft"
"B1","説明・表現","1","考えを述べる","theo tôi","私の考えでは","legacy-match"
"B1","説明・表現","1","考えを述べる","nói chung","一般的に言えば","legacy-match"
"B1","説明・表現","2","つながりと程度","tuy nhiên","しかしながら","draft"
"B1","説明・表現","2","つながりと程度","vì vậy","そのため","legacy-match"
"B1","説明・表現","2","つながりと程度","do đó","したがって","legacy-match"
"B1","説明・表現","2","つながりと程度","hơn nữa","そのうえ","legacy-match"
"B1","説明・表現","2","つながりと程度","ngoài ra","さらに・それ以外に","draft"
"B1","説明・表現","2","つながりと程度","ngược lại","反対に","draft"
"B1","説明・表現","2","つながりと程度","thay vì","～する代わりに","legacy-match"
"B1","説明・表現","2","つながりと程度","chẳng hạn","例えば","draft"
"B1","説明・表現","2","つながりと程度","tức là","つまり","draft"
"B1","説明・表現","2","つながりと程度","thậm chí","～でさえ","draft"
"B1","説明・表現","2","つながりと程度","ít nhất","少なくとも","draft"
"B1","説明・表現","2","つながりと程度","tối đa","最大限","draft"
"B1","説明・表現","2","つながりと程度","tối thiểu","最低限","draft"
"B1","説明・表現","2","つながりと程度","gần như","ほとんど","draft"
"B1","説明・表現","2","つながりと程度","hoàn toàn","完全に","draft"
"B1","説明・表現","2","つながりと程度","tương đối","比較的","draft"
"B1","説明・表現","2","つながりと程度","khá","かなり","draft"
"B1","説明・表現","2","つながりと程度","đặc biệt","特に","draft"
"B1","説明・表現","2","つながりと程度","chủ yếu","主に","draft"
"B1","説明・表現","2","つながりと程度","nói riêng","特定して言えば","draft"
"B1","説明・表現","3","変化と性質","tăng","増える","draft"
"B1","説明・表現","3","変化と性質","giảm","減る","draft"
"B1","説明・表現","3","変化と性質","giữ","保つ","draft"
"B1","説明・表現","3","変化と性質","tiếp tục","続ける","draft"
"B1","説明・表現","3","変化と性質","dừng","止める","draft"
"B1","説明・表現","3","変化と性質","xuất hiện","現れる","draft"
"B1","説明・表現","3","変化と性質","biến mất","消える","draft"
"B1","説明・表現","3","変化と性質","xảy ra","起こる","draft"
"B1","説明・表現","3","変化と性質","tồn tại","存在する","draft"
"B1","説明・表現","3","変化と性質","trở thành","～になる","draft"
"B1","説明・表現","3","変化と性質","phù hợp","適している","draft"
"B1","説明・表現","3","変化と性質","cần thiết","必要な","draft"
"B1","説明・表現","3","変化と性質","quan trọng","重要な","draft"
"B1","説明・表現","3","変化と性質","phổ biến","普及した・一般的な","draft"
"B1","説明・表現","3","変化と性質","hiện đại","現代的な","draft"
"B1","説明・表現","3","変化と性質","cổ điển","古典的な","draft"
"B1","説明・表現","3","変化と性質","đơn giản","単純な","draft"
"B1","説明・表現","3","変化と性質","phức tạp","複雑な","draft"
"B1","説明・表現","3","変化と性質","rõ ràng","明確な","draft"
"B1","説明・表現","3","変化と性質","chính xác","正確な","draft"
"B2","社会・公共","1","政治と制度","chính trị","政治","draft"
"B2","社会・公共","1","政治と制度","chính sách","政策","draft"
"B2","社会・公共","1","政治と制度","chính phủ","政府","draft"
"B2","社会・公共","1","政治と制度","quốc hội","国会","draft"
"B2","社会・公共","1","政治と制度","hiến pháp","憲法","draft"
"B2","社会・公共","1","政治と制度","pháp luật","法律全般","draft"
"B2","社会・公共","1","政治と制度","quy định","規定","draft"
"B2","社会・公共","1","政治と制度","quy chế","制度上の規則","draft"
"B2","社会・公共","1","政治と制度","cải cách","改革","draft"
"B2","社会・公共","1","政治と制度","bầu cử","選挙","draft"
"B2","社会・公共","1","政治と制度","cử tri","有権者","draft"
"B2","社会・公共","1","政治と制度","đại biểu","代表者","draft"
"B2","社会・公共","1","政治と制度","nhiệm kỳ","任期","draft"
"B2","社会・公共","1","政治と制度","dân chủ","民主主義","draft"
"B2","社会・公共","1","政治と制度","chủ quyền","主権","draft"
"B2","社会・公共","1","政治と制度","ngoại giao","外交","draft"
"B2","社会・公共","1","政治と制度","quan hệ quốc tế","国際関係","draft"
"B2","社会・公共","1","政治と制度","hiệp định","協定","draft"
"B2","社会・公共","1","政治と制度","đàm phán","交渉する","draft"
"B2","社会・公共","1","政治と制度","hội nghị","会議・大会議","draft"
"B2","社会・公共","2","権利と責任","nhân quyền","人権","draft"
"B2","社会・公共","2","権利と責任","bình đẳng","平等","draft"
"B2","社会・公共","2","権利と責任","công bằng","公平","draft"
"B2","社会・公共","2","権利と責任","tự do","自由","draft"
"B2","社会・公共","2","権利と責任","nghĩa vụ","義務","draft"
"B2","社会・公共","2","権利と責任","công dân","公民・国民","draft"
"B2","社会・公共","2","権利と責任","quốc tịch","国籍","draft"
"B2","社会・公共","2","権利と責任","quyền sở hữu","所有権","draft"
"B2","社会・公共","2","権利と責任","quyền tự quyết","自己決定権","draft"
"B2","社会・公共","2","権利と責任","phân biệt đối xử","差別的待遇","draft"
"B2","社会・公共","2","権利と責任","định kiến","偏見","legacy-match"
"B2","社会・公共","2","権利と責任","bất bình đẳng","不平等","draft"
"B2","社会・公共","2","権利と責任","bạo lực","暴力","draft"
"B2","社会・公共","2","権利と責任","bóc lột","搾取","draft"
"B2","社会・公共","2","権利と責任","bảo trợ","保護・後援","draft"
"B2","社会・公共","2","権利と責任","tiếp cận","アクセスする・接近する","draft"
"B2","社会・公共","2","権利と責任","hòa nhập","社会に溶け込む","draft"
"B2","社会・公共","2","権利と責任","đại diện","代表する","draft"
"B2","社会・公共","2","権利と責任","tham vấn","意見を聞いて相談する","draft"
"B2","社会・公共","2","権利と責任","trách nhiệm giải trình","説明責任","draft"
"B2","社会・公共","3","法と行政","tư pháp","司法","draft"
"B2","社会・公共","3","法と行政","tòa án","裁判所","draft"
"B2","社会・公共","3","法と行政","thẩm phán","裁判官","draft"
"B2","社会・公共","3","法と行政","công tố viên","検察官","draft"
"B2","社会・公共","3","法と行政","bị cáo","被告人","draft"
"B2","社会・公共","3","法と行政","nguyên đơn","原告","draft"
"B2","社会・公共","3","法と行政","nhân chứng","証人","draft"
"B2","社会・公共","3","法と行政","bằng chứng","証拠","draft"
"B2","社会・公共","3","法と行政","vụ án","事件・訴訟事件","draft"
"B2","社会・公共","3","法と行政","phiên tòa","法廷審理","draft"
"B2","社会・公共","3","法と行政","bản án","判決","draft"
"B2","社会・公共","3","法と行政","vi phạm","違反する","draft"
"B2","社会・公共","3","法と行政","xử phạt","処罰する","draft"
"B2","社会・公共","3","法と行政","khởi kiện","提訴する","draft"
"B2","社会・公共","3","法と行政","kháng cáo","控訴する","draft"
"B2","社会・公共","3","法と行政","thủ tục","手続き","draft"
"B2","社会・公共","3","法と行政","giấy phép","許可証","draft"
"B2","社会・公共","3","法と行政","đơn đề nghị","申請・要請書","draft"
"B2","社会・公共","3","法と行政","công chứng","公証する","draft"
"B2","社会・公共","3","法と行政","hồ sơ hành chính","行政手続きの書類","draft"
"B2","社会・公共","4","社会の変化","đô thị hóa","都市化","draft"
"B2","社会・公共","4","社会の変化","di cư","移住する","draft"
"B2","社会・公共","4","社会の変化","nhập cư","移民として入る","draft"
"B2","社会・公共","4","社会の変化","xuất cư","国外に移住する","draft"
"B2","社会・公共","4","社会の変化","già hóa dân số","人口の高齢化","draft"
"B2","社会・公共","4","社会の変化","tỷ lệ sinh","出生率","draft"
"B2","社会・公共","4","社会の変化","tuổi thọ","平均寿命・寿命","draft"
"B2","社会・公共","4","社会の変化","hộ gia đình","世帯","draft"
"B2","社会・公共","4","社会の変化","lao động","労働","draft"
"B2","社会・公共","4","社会の変化","thất nghiệp","失業","draft"
"B2","社会・公共","4","社会の変化","nghèo đói","貧困","draft"
"B2","社会・公共","4","社会の変化","an sinh xã hội","社会保障","draft"
"B2","社会・公共","4","社会の変化","phúc lợi","福利厚生・福祉","draft"
"B2","社会・公共","4","社会の変化","trợ cấp","給付金・補助金","draft"
"B2","社会・公共","4","社会の変化","lương hưu","年金","draft"
"B2","社会・公共","4","社会の変化","nhà ở xã hội","社会住宅","draft"
"B2","社会・公共","4","社会の変化","chênh lệch","格差","draft"
"B2","社会・公共","4","社会の変化","tầng lớp","社会階層","draft"
"B2","社会・公共","4","社会の変化","lối sống","生活様式","draft"
"B2","社会・公共","4","社会の変化","xu hướng","傾向・トレンド","legacy-match"
"B2","社会・公共","5","公共の課題","tham nhũng","汚職","draft"
"B2","社会・公共","5","公共の課題","minh bạch","透明性がある","draft"
"B2","社会・公共","5","公共の課題","giám sát","監督する","draft"
"B2","社会・公共","5","公共の課題","kiến nghị","建議・要望する","draft"
"B2","社会・公共","5","公共の課題","dư luận","世論","legacy-match"
"B2","社会・公共","5","公共の課題","lợi ích công cộng","公益","draft"
"B2","社会・公共","5","公共の課題","lợi ích cá nhân","個人の利益","draft"
"B2","社会・公共","5","公共の課題","xung đột","対立・紛争","draft"
"B2","社会・公共","5","公共の課題","hòa giải","和解を仲介する","draft"
"B2","社会・公共","5","公共の課題","đồng thuận","合意","draft"
"B2","社会・公共","5","公共の課題","cải thiện đời sống","生活を改善する","draft"
"B2","社会・公共","5","公共の課題","quy hoạch","都市などの計画策定","draft"
"B2","社会・公共","5","公共の課題","phân bổ","配分する","draft"
"B2","社会・公共","5","公共の課題","nguồn lực","人的・物的資源","draft"
"B2","社会・公共","5","公共の課題","hiệu quả","効果的な・効率","legacy-match"
"B2","社会・公共","5","公共の課題","bền vững","持続可能な","draft"
"B2","社会・公共","5","公共の課題","khả thi","実行可能な","draft"
"B2","社会・公共","5","公共の課題","ưu tiên","優先する","legacy-match"
"B2","社会・公共","5","公共の課題","cam kết","約束・確約する","draft"
"B2","社会・公共","5","公共の課題","thực thi","施行する","draft"
"B2","経済・ビジネス","1","経済の基礎","kinh tế","経済","legacy-match"
"B2","経済・ビジネス","1","経済の基礎","thị trường","市場（経済）","draft"
"B2","経済・ビジネス","1","経済の基礎","cung","供給","draft"
"B2","経済・ビジネス","1","経済の基礎","cầu thị trường","市場需要","draft"
"B2","経済・ビジネス","1","経済の基礎","sản xuất","生産する","draft"
"B2","経済・ビジネス","1","経済の基礎","tiêu dùng","消費する","draft"
"B2","経済・ビジネス","1","経済の基礎","đầu tư","投資する","draft"
"B2","経済・ビジネス","1","経済の基礎","tăng trưởng","経済などの成長","draft"
"B2","経済・ビジネス","1","経済の基礎","suy thoái","景気後退","draft"
"B2","経済・ビジネス","1","経済の基礎","lạm phát","インフレーション","draft"
"B2","経済・ビジネス","1","経済の基礎","giảm phát","デフレーション","draft"
"B2","経済・ビジネス","1","経済の基礎","tổng sản phẩm quốc nội","国内総生産","draft"
"B2","経済・ビジネス","1","経済の基礎","năng suất","生産性","draft"
"B2","経済・ビジネス","1","経済の基礎","cạnh tranh","競争する","draft"
"B2","経済・ビジネス","1","経済の基礎","độc quyền","独占","draft"
"B2","経済・ビジネス","1","経済の基礎","tự do thương mại","自由貿易","draft"
"B2","経済・ビジネス","1","経済の基礎","xuất khẩu","輸出する","draft"
"B2","経済・ビジネス","1","経済の基礎","nhập khẩu","輸入する","draft"
"B2","経済・ビジネス","1","経済の基礎","cán cân thương mại","貿易収支","draft"
"B2","経済・ビジネス","1","経済の基礎","thuế quan","関税","draft"
"B2","経済・ビジネス","2","会社と経営","doanh nghiệp","企業","draft"
"B2","経済・ビジネス","2","会社と経営","khởi nghiệp","起業する","draft"
"B2","経済・ビジネス","2","会社と経営","kinh doanh","事業を営む","draft"
"B2","経済・ビジネス","2","会社と経営","mô hình kinh doanh","ビジネスモデル","draft"
"B2","経済・ビジネス","2","会社と経営","chiến lược","戦略","draft"
"B2","経済・ビジネス","2","会社と経営","ban giám đốc","経営陣","draft"
"B2","経済・ビジネス","2","会社と経営","hội đồng quản trị","取締役会","draft"
"B2","経済・ビジネス","2","会社と経営","cổ đông","株主","draft"
"B2","経済・ビジネス","2","会社と経営","đối tác","事業上のパートナー","draft"
"B2","経済・ビジネス","2","会社と経営","nhà cung cấp","供給業者","draft"
"B2","経済・ビジネス","2","会社と経営","nhà phân phối","販売代理業者","draft"
"B2","経済・ビジネス","2","会社と経営","chuỗi cung ứng","サプライチェーン","draft"
"B2","経済・ビジネス","2","会社と経営","quy trình","業務手順","draft"
"B2","経済・ビジネス","2","会社と経営","vận hành","運営する","draft"
"B2","経済・ビジネス","2","会社と経営","tái cấu trúc","再構築する","draft"
"B2","経済・ビジネス","2","会社と経営","sáp nhập","合併する","draft"
"B2","経済・ビジネス","2","会社と経営","mua lại","買収する","draft"
"B2","経済・ビジネス","2","会社と経営","phá sản","破産する","draft"
"B2","経済・ビジネス","2","会社と経営","mở rộng","拡大する","draft"
"B2","経済・ビジネス","2","会社と経営","thu hẹp","縮小する","draft"
"B2","経済・ビジネス","3","会計と資金","vốn","資本","draft"
"B2","経済・ビジネス","3","会計と資金","doanh thu","売上高","draft"
"B2","経済・ビジネス","3","会計と資金","lợi nhuận","利益額","draft"
"B2","経済・ビジネス","3","会計と資金","thua lỗ","損失を出す","draft"
"B2","経済・ビジネス","3","会計と資金","tài sản","資産","draft"
"B2","経済・ビジネス","3","会計と資金","nợ phải trả","負債","draft"
"B2","経済・ビジネス","3","会計と資金","vốn chủ sở hữu","自己資本","draft"
"B2","経済・ビジネス","3","会計と資金","dòng tiền","キャッシュフロー","draft"
"B2","経済・ビジネス","3","会計と資金","báo cáo tài chính","財務諸表","draft"
"B2","経済・ビジネス","3","会計と資金","bảng cân đối kế toán","貸借対照表","draft"
"B2","経済・ビジネス","3","会計と資金","kế toán","会計","draft"
"B2","経済・ビジネス","3","会計と資金","kiểm toán","監査","draft"
"B2","経済・ビジネス","3","会計と資金","thuế","税","draft"
"B2","経済・ビジネス","3","会計と資金","thuế thu nhập","所得税","draft"
"B2","経済・ビジネス","3","会計と資金","thuế giá trị gia tăng","付加価値税","draft"
"B2","経済・ビジネス","3","会計と資金","khấu hao","減価償却","draft"
"B2","経済・ビジネス","3","会計と資金","chi phí cố định","固定費","draft"
"B2","経済・ビジネス","3","会計と資金","chi phí biến đổi","変動費","draft"
"B2","経済・ビジネス","3","会計と資金","điểm hòa vốn","損益分岐点","draft"
"B2","経済・ビジネス","3","会計と資金","thanh khoản","流動性","draft"
"B2","経済・ビジネス","4","契約と交渉","điều kiện","条件","draft"
"B2","経済・ビジネス","4","契約と交渉","điều khoản hợp đồng","契約条項","draft"
"B2","経済・ビジネス","4","契約と交渉","hiệu lực","効力","draft"
"B2","経済・ビジネス","4","契約と交渉","hết hiệu lực","失効する","draft"
"B2","経済・ビジネス","4","契約と交渉","gia hạn hợp đồng","契約を更新する","draft"
"B2","経済・ビジネス","4","契約と交渉","chấm dứt","終了させる","draft"
"B2","経済・ビジネス","4","契約と交渉","vi phạm hợp đồng","契約違反","draft"
"B2","経済・ビジネス","4","契約と交渉","bồi thường","賠償する","draft"
"B2","経済・ビジネス","4","契約と交渉","tranh chấp","紛争・係争","draft"
"B2","経済・ビジネス","4","契約と交渉","thỏa thuận","取り決め・合意する","draft"
"B2","経済・ビジネス","4","契約と交渉","nhượng bộ","譲歩する","legacy-match"
"B2","経済・ビジネス","4","契約と交渉","thương lượng","条件を交渉する","draft"
"B2","経済・ビジネス","4","契約と交渉","đề nghị giá","価格を提示する","draft"
"B2","経済・ビジネス","4","契約と交渉","báo giá","見積もり","draft"
"B2","経済・ビジネス","4","契約と交渉","đấu thầu","入札する","draft"
"B2","経済・ビジネス","4","契約と交渉","đặt cọc","手付金を払う","draft"
"B2","経済・ビジネス","4","契約と交渉","bảo lãnh","保証する","draft"
"B2","経済・ビジネス","4","契約と交渉","ủy quyền","権限を委任する","draft"
"B2","経済・ビジネス","4","契約と交渉","bảo mật thông tin","情報の秘密保持","draft"
"B2","経済・ビジネス","4","契約と交渉","sở hữu trí tuệ","知的財産","draft"
"B2","経済・ビジネス","5","市場と顧客理解","nghiên cứu thị trường","市場調査","draft"
"B2","経済・ビジネス","5","市場と顧客理解","khảo sát","調査する","draft"
"B2","経済・ビジネス","5","市場と顧客理解","phân khúc","市場の区分","draft"
"B2","経済・ビジネス","5","市場と顧客理解","khách hàng mục tiêu","標的顧客","draft"
"B2","経済・ビジネス","5","市場と顧客理解","nhu cầu","需要・ニーズ","draft"
"B2","経済・ビジネス","5","市場と顧客理解","thị hiếu","消費者の好み","draft"
"B2","経済・ビジネス","5","市場と顧客理解","hành vi tiêu dùng","消費行動","draft"
"B2","経済・ビジネス","5","市場と顧客理解","định vị","市場での位置づけ","draft"
"B2","経済・ビジネス","5","市場と顧客理解","giá trị thương hiệu","ブランド価値","draft"
"B2","経済・ビジネス","5","市場と顧客理解","nhận diện thương hiệu","ブランドの識別イメージ","draft"
"B2","経済・ビジネス","5","市場と顧客理解","quảng bá","広報・宣伝する","draft"
"B2","経済・ビジネス","5","市場と顧客理解","tiếp thị","マーケティング","draft"
"B2","経済・ビジネス","5","市場と顧客理解","kênh phân phối","流通経路","draft"
"B2","経済・ビジネス","5","市場と顧客理解","thị phần","市場占有率","draft"
"B2","経済・ビジネス","5","市場と顧客理解","doanh số","販売高","draft"
"B2","経済・ビジネス","5","市場と顧客理解","tỷ lệ chuyển đổi","成約などへの転換率","draft"
"B2","経済・ビジネス","5","市場と顧客理解","giữ chân khách hàng","顧客をつなぎ留める","draft"
"B2","経済・ビジネス","5","市場と顧客理解","lòng trung thành","忠実さ・ロイヤルティ","draft"
"B2","経済・ビジネス","5","市場と顧客理解","trải nghiệm khách hàng","顧客体験","draft"
"B2","経済・ビジネス","5","市場と顧客理解","lợi thế cạnh tranh","競争優位","draft"
"B2","科学・環境","1","研究と検証","giả thuyết","仮説","draft"
"B2","科学・環境","1","研究と検証","thí nghiệm","実験","draft"
"B2","科学・環境","1","研究と検証","quan sát","観察する","draft"
"B2","科学・環境","1","研究と検証","đo lường","測定する","draft"
"B2","科学・環境","1","研究と検証","mẫu thử","試験用サンプル","draft"
"B2","科学・環境","1","研究と検証","biến số","変数","draft"
"B2","科学・環境","1","研究と検証","số liệu","数値データ","draft"
"B2","科学・環境","1","研究と検証","thống kê","統計","draft"
"B2","科学・環境","1","研究と検証","xác suất","確率","draft"
"B2","科学・環境","1","研究と検証","sai số","誤差","draft"
"B2","科学・環境","1","研究と検証","độ tin cậy","信頼度","legacy-match"
"B2","科学・環境","1","研究と検証","tương quan","相関","draft"
"B2","科学・環境","1","研究と検証","quan hệ nhân quả","因果関係","draft"
"B2","科学・環境","1","研究と検証","kiểm chứng","検証する","legacy-match"
"B2","科学・環境","1","研究と検証","tái hiện","再現する","draft"
"B2","科学・環境","1","研究と検証","kết luận","結論","draft"
"B2","科学・環境","1","研究と検証","phát hiện","発見する","draft"
"B2","科学・環境","1","研究と検証","công bố","公表する","draft"
"B2","科学・環境","1","研究と検証","tạp chí khoa học","学術雑誌","draft"
"B2","科学・環境","1","研究と検証","đạo đức nghiên cứu","研究倫理","draft"
"B2","科学・環境","2","自然科学","vật lý","物理学","draft"
"B2","科学・環境","2","自然科学","hóa học","化学","draft"
"B2","科学・環境","2","自然科学","sinh học","生物学","draft"
"B2","科学・環境","2","自然科学","nguyên tử","原子","draft"
"B2","科学・環境","2","自然科学","phân tử","分子","draft"
"B2","科学・環境","2","自然科学","tế bào","細胞","draft"
"B2","科学・環境","2","自然科学","gen","遺伝子","draft"
"B2","科学・環境","2","自然科学","di truyền","遺伝","draft"
"B2","科学・環境","2","自然科学","tiến hóa","進化","draft"
"B2","科学・環境","2","自然科学","hệ sinh thái","生態系","draft"
"B2","科学・環境","2","自然科学","đa dạng sinh học","生物多様性","draft"
"B2","科学・環境","2","自然科学","chuỗi thức ăn","食物連鎖","draft"
"B2","科学・環境","2","自然科学","vi sinh vật","微生物","draft"
"B2","科学・環境","2","自然科学","vi khuẩn","細菌","draft"
"B2","科学・環境","2","自然科学","miễn dịch","免疫","draft"
"B2","科学・環境","2","自然科学","phản ứng","反応","draft"
"B2","科学・環境","2","自然科学","áp suất","圧力","draft"
"B2","科学・環境","2","自然科学","khối lượng","質量","draft"
"B2","科学・環境","2","自然科学","trọng lực","重力","draft"
"B2","科学・環境","2","自然科学","bức xạ","放射","draft"
"B2","科学・環境","3","気候とエネルギー","hiệu ứng nhà kính","温室効果","draft"
"B2","科学・環境","3","気候とエネルギー","khí nhà kính","温室効果ガス","draft"
"B2","科学・環境","3","気候とエネルギー","phát thải","排出する","draft"
"B2","科学・環境","3","気候とエネルギー","lượng khí thải","排出ガス量","draft"
"B2","科学・環境","3","気候とエネルギー","dấu chân carbon","カーボンフットプリント","draft"
"B2","科学・環境","3","気候とエネルギー","trung hòa carbon","カーボンニュートラル","draft"
"B2","科学・環境","3","気候とエネルギー","nhiên liệu hóa thạch","化石燃料","draft"
"B2","科学・環境","3","気候とエネルギー","năng lượng tái tạo","再生可能エネルギー","draft"
"B2","科学・環境","3","気候とエネルギー","điện mặt trời","太陽光発電","draft"
"B2","科学・環境","3","気候とエネルギー","điện gió","風力発電","draft"
"B2","科学・環境","3","気候とエネルギー","thủy điện","水力発電","draft"
"B2","科学・環境","3","気候とエネルギー","điện hạt nhân","原子力発電","draft"
"B2","科学・環境","3","気候とエネルギー","hiệu suất","効率・能率","draft"
"B2","科学・環境","3","気候とエネルギー","tiết kiệm năng lượng","省エネルギー","draft"
"B2","科学・環境","3","気候とエネルギー","chuyển đổi năng lượng","エネルギー転換","draft"
"B2","科学・環境","3","気候とエネルギー","hạn hán","干ばつ","draft"
"B2","科学・環境","3","気候とエネルギー","lũ lụt","洪水","draft"
"B2","科学・環境","3","気候とエネルギー","nước biển dâng","海面上昇","draft"
"B2","科学・環境","3","気候とエネルギー","thích ứng","適応する","draft"
"B2","科学・環境","3","気候とエネルギー","giảm thiểu","最小限に減らす","draft"
"B2","科学・環境","4","資源と持続可能性","khai thác","資源を採掘・利用する","draft"
"B2","科学・環境","4","資源と持続可能性","khoáng sản","鉱物資源","draft"
"B2","科学・環境","4","資源と持続可能性","quặng","鉱石","draft"
"B2","科学・環境","4","資源と持続可能性","dầu mỏ","石油","draft"
"B2","科学・環境","4","資源と持続可能性","than đá","石炭","draft"
"B2","科学・環境","4","資源と持続可能性","khí tự nhiên","天然ガス","draft"
"B2","科学・環境","4","資源と持続可能性","nước ngầm","地下水","draft"
"B2","科学・環境","4","資源と持続可能性","đất canh tác","耕作地","draft"
"B2","科学・環境","4","資源と持続可能性","xói mòn","浸食","draft"
"B2","科学・環境","4","資源と持続可能性","sa mạc hóa","砂漠化","draft"
"B2","科学・環境","4","資源と持続可能性","phá rừng","森林を破壊する","draft"
"B2","科学・環境","4","資源と持続可能性","tái trồng rừng","再植林する","draft"
"B2","科学・環境","4","資源と持続可能性","khu bảo tồn","保護区域","draft"
"B2","科学・環境","4","資源と持続可能性","loài nguy cấp","絶滅危惧種","draft"
"B2","科学・環境","4","資源と持続可能性","tuyệt chủng","絶滅する","draft"
"B2","科学・環境","4","資源と持続可能性","tái sử dụng","再利用する","draft"
"B2","科学・環境","4","資源と持続可能性","kinh tế tuần hoàn","循環型経済","draft"
"B2","科学・環境","4","資源と持続可能性","phân hủy","分解する","draft"
"B2","科学・環境","4","資源と持続可能性","rác hữu cơ","有機ごみ","draft"
"B2","科学・環境","4","資源と持続可能性","xử lý chất thải","廃棄物処理","draft"
"B2","科学・環境","5","技術と未来","công nghệ","技術・テクノロジー","draft"
"B2","科学・環境","5","技術と未来","đổi mới","刷新・イノベーション","draft"
"B2","科学・環境","5","技術と未来","tự động hóa","自動化","draft"
"B2","科学・環境","5","技術と未来","trí tuệ nhân tạo","人工知能","draft"
"B2","科学・環境","5","技術と未来","học máy","機械学習","draft"
"B2","科学・環境","5","技術と未来","thuật toán","アルゴリズム","draft"
"B2","科学・環境","5","技術と未来","rô bốt","ロボット","draft"
"B2","科学・環境","5","技術と未来","cảm biến","センサー","draft"
"B2","科学・環境","5","技術と未来","mô phỏng","シミュレーション","draft"
"B2","科学・環境","5","技術と未来","thực tế ảo","仮想現実","draft"
"B2","科学・環境","5","技術と未来","thực tế tăng cường","拡張現実","draft"
"B2","科学・環境","5","技術と未来","điện toán đám mây","クラウドコンピューティング","draft"
"B2","科学・環境","5","技術と未来","cơ sở dữ liệu","データベース","draft"
"B2","科学・環境","5","技術と未来","mã nguồn","ソースコード","draft"
"B2","科学・環境","5","技術と未来","mã nguồn mở","オープンソース","draft"
"B2","科学・環境","5","技術と未来","bằng sáng chế","特許","draft"
"B2","科学・環境","5","技術と未来","chuyển đổi số","デジタル化による変革","draft"
"B2","科学・環境","5","技術と未来","ứng dụng thực tiễn","実用的な応用","draft"
"B2","科学・環境","5","技術と未来","rủi ro công nghệ","技術上のリスク","draft"
"B2","科学・環境","5","技術と未来","tiềm năng","潜在的な可能性","draft"
"B2","思考・議論","1","論理的に考える","lập luận","論証・筋道を立てる","draft"
"B2","思考・議論","1","論理的に考える","luận điểm","主張の要点","draft"
"B2","思考・議論","1","論理的に考える","luận cứ","論拠","draft"
"B2","思考・議論","1","論理的に考える","tiền đề","前提","draft"
"B2","思考・議論","1","論理的に考える","suy luận","推論する","draft"
"B2","思考・議論","1","論理的に考える","diễn dịch","演繹する","draft"
"B2","思考・議論","1","論理的に考える","quy nạp","帰納する","draft"
"B2","思考・議論","1","論理的に考える","phản biện","批判的に検討する","draft"
"B2","思考・議論","1","論理的に考える","bác bỏ","反駁して退ける","draft"
"B2","思考・議論","1","論理的に考える","mâu thuẫn","矛盾","draft"
"B2","思考・議論","1","論理的に考える","nhất quán","一貫した","draft"
"B2","思考・議論","1","論理的に考える","hợp lý","合理的な","draft"
"B2","思考・議論","1","論理的に考える","phi lý","不合理な","draft"
"B2","思考・議論","1","論理的に考える","khách quan","客観的な","draft"
"B2","思考・議論","1","論理的に考える","chủ quan","主観的な","draft"
"B2","思考・議論","1","論理的に考える","thiên lệch","偏った","draft"
"B2","思考・議論","1","論理的に考える","ngụy biện","詭弁","draft"
"B2","思考・議論","1","論理的に考える","dẫn chứng","具体的な証拠を挙げる","draft"
"B2","思考・議論","1","論理的に考える","suy đoán","推測する","draft"
"B2","思考・議論","1","論理的に考える","khái quát","概括する","draft"
"B2","思考・議論","2","概念を理解する","khái niệm","概念","draft"
"B2","思考・議論","2","概念を理解する","định nghĩa","定義","draft"
"B2","思考・議論","2","概念を理解する","bản chất","本質","draft"
"B2","思考・議論","2","概念を理解する","hiện tượng","現象","draft"
"B2","思考・議論","2","概念を理解する","đặc điểm","特徴","draft"
"B2","思考・議論","2","概念を理解する","thuộc tính","属性","draft"
"B2","思考・議論","2","概念を理解する","cấu trúc","構造","draft"
"B2","思考・議論","2","概念を理解する","chức năng","機能","draft"
"B2","思考・議論","2","概念を理解する","cơ chế","仕組み","draft"
"B2","思考・議論","2","概念を理解する","nguyên tắc","原則","draft"
"B2","思考・議論","2","概念を理解する","quy luật","法則","draft"
"B2","思考・議論","2","概念を理解する","phạm vi","範囲","draft"
"B2","思考・議論","2","概念を理解する","giới hạn","限界","draft"
"B2","思考・議論","2","概念を理解する","mức độ","程度","draft"
"B2","思考・議論","2","概念を理解する","tiêu chí","判断基準","draft"
"B2","思考・議論","2","概念を理解する","tiêu chuẩn","標準","draft"
"B2","思考・議論","2","概念を理解する","yếu tố","要素","draft"
"B2","思考・議論","2","概念を理解する","khía cạnh","側面","legacy-match"
"B2","思考・議論","2","概念を理解する","bối cảnh","背景・文脈","draft"
"B2","思考・議論","2","概念を理解する","hệ thống","体系・システム","draft"
"B2","思考・議論","3","評価と判断","cân nhắc","よく検討する","legacy-match"
"B2","思考・議論","3","評価と判断","xem xét","検討する","draft"
"B2","思考・議論","3","評価と判断","nhận định","見立て・判断する","draft"
"B2","思考・議論","3","評価と判断","dự đoán","予測する","draft"
"B2","思考・議論","3","評価と判断","ước tính","見積もる","draft"
"B2","思考・議論","3","評価と判断","giả định","仮定する","draft"
"B2","思考・議論","3","評価と判断","đối chiếu","照合する","draft"
"B2","思考・議論","3","評価と判断","phân biệt","区別する","draft"
"B2","思考・議論","3","評価と判断","xác định","特定する","draft"
"B2","思考・議論","3","評価と判断","làm rõ","明らかにする","draft"
"B2","思考・議論","3","評価と判断","nhấn mạnh","強調する","draft"
"B2","思考・議論","3","評価と判断","thừa nhận","認める","draft"
"B2","思考・議論","3","評価と判断","chỉ ra","指摘する","draft"
"B2","思考・議論","3","評価と判断","đặt câu hỏi","疑問を提起する","draft"
"B2","思考・議論","3","評価と判断","nghi ngờ","疑う","draft"
"B2","思考・議論","3","評価と判断","kiểm định","検定する","draft"
"B2","思考・議論","3","評価と判断","thẩm định","審査・鑑定する","draft"
"B2","思考・議論","3","評価と判断","lượng hóa","数量化する","draft"
"B2","思考・議論","3","評価と判断","ưu việt","優れた","draft"
"B2","思考・議論","3","評価と判断","hạn chế","制約・制限する","legacy-match"
"B2","思考・議論","4","文章をつなぐ","mặt khác","他方で","legacy-match"
"B2","思考・議論","4","文章をつなぐ","bên cạnh đó","それに加えて","draft"
"B2","思考・議論","4","文章をつなぐ","trái lại","逆に","legacy-match"
"B2","思考・議論","4","文章をつなぐ","dù vậy","それでも","legacy-match"
"B2","思考・議論","4","文章をつなぐ","bất kể","～に関係なく","draft"
"B2","思考・議論","4","文章をつなぐ","miễn là","～である限り","legacy-match"
"B2","思考・議論","4","文章をつなぐ","trừ khi","～の場合を除いて","legacy-match"
"B2","思考・議論","4","文章をつなぐ","với điều kiện","～という条件で","draft"
"B2","思考・議論","4","文章をつなぐ","do vậy","それゆえ","draft"
"B2","思考・議論","4","文章をつなぐ","bởi lẽ","なぜならば","draft"
"B2","思考・議論","4","文章をつなぐ","suy cho cùng","結局のところ","draft"
"B2","思考・議論","4","文章をつなぐ","tóm lại","要するに","legacy-match"
"B2","思考・議論","4","文章をつなぐ","nói cách khác","言い換えれば","draft"
"B2","思考・議論","4","文章をつなぐ","cụ thể là","具体的には","draft"
"B2","思考・議論","4","文章をつなぐ","xét về","～の観点から見ると","draft"
"B2","思考・議論","4","文章をつなぐ","về cơ bản","基本的には","draft"
"B2","思考・議論","4","文章をつなぐ","trên thực tế","実際には","draft"
"B2","思考・議論","4","文章をつなぐ","theo đó","それに従って","draft"
"B2","思考・議論","4","文章をつなぐ","đồng thời","同時に","draft"
"B2","思考・議論","4","文章をつなぐ","lần lượt","順番に","draft"
"B2","思考・議論","5","程度と確かさ","tất yếu","必然的な","draft"
"B2","思考・議論","5","程度と確かさ","ngẫu nhiên","偶然の","draft"
"B2","思考・議論","5","程度と確かさ","tạm thời","一時的な","draft"
"B2","思考・議論","5","程度と確かさ","lâu dài","長期的な","draft"
"B2","思考・議論","5","程度と確かさ","vĩnh viễn","永久に","draft"
"B2","思考・議論","5","程度と確かさ","liên tục","連続的な","draft"
"B2","思考・議論","5","程度と確かさ","gián đoạn","中断した","draft"
"B2","思考・議論","5","程度と確かさ","đáng kể","相当な・無視できない","draft"
"B2","思考・議論","5","程度と確かさ","không đáng kể","わずかな","draft"
"B2","思考・議論","5","程度と確かさ","vượt trội","際立って優れた","draft"
"B2","思考・議論","5","程度と確かさ","tương đương","同等の","draft"
"B2","思考・議論","5","程度と確かさ","chênh lệch lớn","大きな隔たり","draft"
"B2","思考・議論","5","程度と確かさ","xấp xỉ","おおよそ等しい","draft"
"B2","思考・議論","5","程度と確かさ","tuyệt đối","絶対的な","draft"
"B2","思考・議論","5","程度と確かさ","tương tự","類似した","draft"
"B2","思考・議論","5","程度と確かさ","khác biệt","相違","draft"
"B2","思考・議論","5","程度と確かさ","đa dạng","多様な","draft"
"B2","思考・議論","5","程度と確かさ","đồng nhất","同一・均質の","draft"
"B2","思考・議論","5","程度と確かさ","chắc chắn","確実な","draft"
"B2","思考・議論","5","程度と確かさ","không chắc chắn","不確実な","draft"
"B2","文化・言語","1","文化を理解する","văn hóa","文化","legacy-match"
"B2","文化・言語","1","文化を理解する","văn minh","文明","draft"
"B2","文化・言語","1","文化を理解する","di sản văn hóa","文化遺産","draft"
"B2","文化・言語","1","文化を理解する","bản sắc dân tộc","民族的アイデンティティ","draft"
"B2","文化・言語","1","文化を理解する","giao lưu văn hóa","文化交流","draft"
"B2","文化・言語","1","文化を理解する","đa văn hóa","多文化の","draft"
"B2","文化・言語","1","文化を理解する","hội nhập","統合・国際社会への参加","draft"
"B2","文化・言語","1","文化を理解する","toàn cầu hóa","グローバル化","draft"
"B2","文化・言語","1","文化を理解する","bảo tồn văn hóa","文化を保存する","draft"
"B2","文化・言語","1","文化を理解する","tiếp biến văn hóa","異文化接触による変容","draft"
"B2","文化・言語","1","文化を理解する","giá trị","価値","draft"
"B2","文化・言語","1","文化を理解する","chuẩn mực","規範","draft"
"B2","文化・言語","1","文化を理解する","tín ngưỡng","民間信仰","draft"
"B2","文化・言語","1","文化を理解する","tôn giáo","宗教","draft"
"B2","文化・言語","1","文化を理解する","tâm linh","精神的・霊的なもの","draft"
"B2","文化・言語","1","文化を理解する","biểu tượng","象徴","draft"
"B2","文化・言語","1","文化を理解する","nghi lễ","儀礼","draft"
"B2","文化・言語","1","文化を理解する","truyền thuyết","伝説","draft"
"B2","文化・言語","1","文化を理解する","thần thoại","神話","draft"
"B2","文化・言語","1","文化を理解する","văn hóa dân gian","民俗文化","draft"
"B2","文化・言語","2","言語の仕組み","ngôn ngữ","言語","draft"
"B2","文化・言語","2","言語の仕組み","ngôn ngữ học","言語学","draft"
"B2","文化・言語","2","言語の仕組み","tiếng mẹ đẻ","母語","draft"
"B2","文化・言語","2","言語の仕組み","ngoại ngữ","外国語","draft"
"B2","文化・言語","2","言語の仕組み","song ngữ","二言語使用","draft"
"B2","文化・言語","2","言語の仕組み","phương ngữ","方言","draft"
"B2","文化・言語","2","言語の仕組み","giọng","声・訛り","draft"
"B2","文化・言語","2","言語の仕組み","ngữ âm","音声体系","draft"
"B2","文化・言語","2","言語の仕組み","ngữ điệu","イントネーション","draft"
"B2","文化・言語","2","言語の仕組み","trọng âm","アクセント・強勢","draft"
"B2","文化・言語","2","言語の仕組み","ngữ nghĩa","語の意味体系","draft"
"B2","文化・言語","2","言語の仕組み","ngữ cảnh","言語的文脈","draft"
"B2","文化・言語","2","言語の仕組み","từ đồng nghĩa","同義語","draft"
"B2","文化・言語","2","言語の仕組み","từ trái nghĩa","反義語","draft"
"B2","文化・言語","2","言語の仕組み","từ đồng âm","同音語","draft"
"B2","文化・言語","2","言語の仕組み","từ đa nghĩa","多義語","draft"
"B2","文化・言語","2","言語の仕組み","từ Hán Việt","漢越語","draft"
"B2","文化・言語","2","言語の仕組み","từ mượn","借用語","draft"
"B2","文化・言語","2","言語の仕組み","thành ngữ","慣用句","draft"
"B2","文化・言語","2","言語の仕組み","tục ngữ","ことわざ","draft"
"B2","文化・言語","3","表現と翻訳","diễn đạt","表現する","draft"
"B2","文化・言語","3","表現と翻訳","diễn giải","言葉で詳しく解説する","draft"
"B2","文化・言語","3","表現と翻訳","chuyển ngữ","別の言語に訳す","draft"
"B2","文化・言語","3","表現と翻訳","phiên dịch","通訳する","draft"
"B2","文化・言語","3","表現と翻訳","biên dịch","文書を翻訳する","draft"
"B2","文化・言語","3","表現と翻訳","bản dịch","翻訳文","draft"
"B2","文化・言語","3","表現と翻訳","nguyên văn","原文のまま","draft"
"B2","文化・言語","3","表現と翻訳","nghĩa đen","文字どおりの意味","draft"
"B2","文化・言語","3","表現と翻訳","nghĩa bóng","比喩的な意味","draft"
"B2","文化・言語","3","表現と翻訳","hàm ý","含意","draft"
"B2","文化・言語","3","表現と翻訳","sắc thái","ニュアンス","draft"
"B2","文化・言語","3","表現と翻訳","ẩn dụ","隠喩","draft"
"B2","文化・言語","3","表現と翻訳","hoán dụ","換喩","draft"
"B2","文化・言語","3","表現と翻訳","nhân hóa","擬人化","draft"
"B2","文化・言語","3","表現と翻訳","phóng đại","誇張する","draft"
"B2","文化・言語","3","表現と翻訳","châm biếm","風刺する","draft"
"B2","文化・言語","3","表現と翻訳","mỉa mai","皮肉を言う","draft"
"B2","文化・言語","3","表現と翻訳","uyển ngữ","婉曲表現","draft"
"B2","文化・言語","3","表現と翻訳","văn phong","文体","draft"
"B2","文化・言語","3","表現と翻訳","giọng điệu","語調","draft"
"B2","文化・言語","4","メディアと情報読解","truyền thông","メディア・情報伝達","legacy-match"
"B2","文化・言語","4","メディアと情報読解","biên tập","編集する","draft"
"B2","文化・言語","4","メディアと情報読解","tiêu đề","見出し","draft"
"B2","文化・言語","4","メディアと情報読解","nguồn tin","ニュースの情報源","legacy-match"
"B2","文化・言語","4","メディアと情報読解","trích dẫn","引用する","draft"
"B2","文化・言語","4","メディアと情報読解","bản quyền","著作権","draft"
"B2","文化・言語","4","メディアと情報読解","đạo văn","盗作する","draft"
"B2","文化・言語","4","メディアと情報読解","tin giả","偽情報","draft"
"B2","文化・言語","4","メディアと情報読解","thông tin sai lệch","誤った情報","draft"
"B2","文化・言語","4","メディアと情報読解","kiểm tra sự thật","事実を検証する","draft"
"B2","文化・言語","4","メディアと情報読解","tuyên truyền","宣伝活動","draft"
"B2","文化・言語","4","メディアと情報読解","định hướng dư luận","世論を誘導する","draft"
"B2","文化・言語","4","メディアと情報読解","tính xác thực","真実性","draft"
"B2","文化・言語","4","メディアと情報読解","tính đại diện","代表性","draft"
"B2","文化・言語","4","メディアと情報読解","sự thiên vị","えこひいき・偏向","draft"
"B2","文化・言語","4","メディアと情報読解","tự do báo chí","報道の自由","draft"
"B2","文化・言語","4","メディアと情報読解","kiểm duyệt","検閲する","draft"
"B2","文化・言語","4","メディアと情報読解","phỏng vấn sâu","詳細なインタビュー","draft"
"B2","文化・言語","4","メディアと情報読解","phóng sự","ルポルタージュ","draft"
"B2","文化・言語","4","メディアと情報読解","bình luận xã hội","社会評論","draft"
"B2","文化・言語","5","人の価値観と行動","đạo đức","倫理・道徳","draft"
"B2","文化・言語","5","人の価値観と行動","lương tâm","良心","draft"
"B2","文化・言語","5","人の価値観と行動","phẩm giá","尊厳","draft"
"B2","文化・言語","5","人の価値観と行動","lòng nhân ái","慈愛","draft"
"B2","文化・言語","5","人の価値観と行動","sự đồng cảm","共感","draft"
"B2","文化・言語","5","人の価値観と行動","lòng khoan dung","寛容さ","draft"
"B2","文化・言語","5","人の価値観と行動","sự hy sinh","犠牲・献身","draft"
"B2","文化・言語","5","人の価値観と行動","lòng dũng cảm","勇気","draft"
"B2","文化・言語","5","人の価値観と行動","ý chí","意志","draft"
"B2","文化・言語","5","人の価値観と行動","động lực","動機・原動力","draft"
"B2","文化・言語","5","人の価値観と行動","tham vọng","野心","draft"
"B2","文化・言語","5","人の価値観と行動","hoài bão","大志","draft"
"B2","文化・言語","5","人の価値観と行動","niềm tin","信念","draft"
"B2","文化・言語","5","人の価値観と行動","hoài nghi","懐疑","draft"
"B2","文化・言語","5","人の価値観と行動","thành kiến","先入観","draft"
"B2","文化・言語","5","人の価値観と行動","tư duy","思考","draft"
"B2","文化・言語","5","人の価値観と行動","nhận thức","認識","draft"
"B2","文化・言語","5","人の価値観と行動","tiềm thức","潜在意識","draft"
"B2","文化・言語","5","人の価値観と行動","bản năng","本能","draft"
"B2","文化・言語","5","人の価値観と行動","tự chủ","自己をコントロールする","draft"